Gold,Predict
Ohio,Michigan
New Mexico,New Mexico
Georgia,Georgia
Connecticut,New Jersey
South Carolina,North Carolina
New Mexico,New Mexico
California,California
California,California
Ohio,Pennsylvania
North Carolina,Virginia
District of Columbia,District of Columbia
New Mexico,New Mexico
Connecticut,New Jersey
Georgia,Georgia
California,California
District of Columbia,District of Columbia
Georgia,Georgia
Georgia,South Carolina
Connecticut,Connecticut
Ohio,Indiana
South Carolina,Tennessee
California,California
Connecticut,Connecticut
New Mexico,New Mexico
New Mexico,New Mexico
Arizona,New Mexico
Arizona,Arizona
Montana,Idaho
Georgia,Alabama
Arizona,Arizona
South Carolina,Alabama
Connecticut,Connecticut
District of Columbia,District of Columbia
South Carolina,North Carolina
Georgia,Mississippi
Montana,New Mexico
District of Columbia,Maryland
North Carolina,Virginia
District of Columbia,District of Columbia
California,California
Ohio,Iowa
Georgia,Georgia
Montana,Montana
California,California
Connecticut,Connecticut
North Carolina,Connecticut
Connecticut,Connecticut
Georgia,Alabama
Ohio,Kentucky
Montana,Wyoming
Connecticut,Connecticut
Georgia,North Carolina
North Carolina,Washington
South Carolina,North Carolina
California,California
California,California
New Mexico,Texas
Arizona,New Mexico
North Carolina,Georgia
North Carolina,Alabama
Ohio,Ohio
Connecticut,Connecticut
Arizona,Arizona
Connecticut,Connecticut
Georgia,Alabama
Ohio,Ohio
New Mexico,Oklahoma
District of Columbia,District of Columbia
North Carolina,South Carolina
Connecticut,Connecticut
District of Columbia,District of Columbia
Georgia,Georgia
Georgia,Florida
North Carolina,North Carolina
Georgia,South Carolina
Montana,Montana
Georgia,North Carolina
Connecticut,Delaware
California,California
District of Columbia,District of Columbia
Montana,Idaho
District of Columbia,District of Columbia
Montana,Montana
Arizona,Arizona
South Carolina,Georgia
Arizona,New Mexico
Ohio,Ohio
Ohio,Missouri
District of Columbia,District of Columbia
New Mexico,New Mexico
South Carolina,North Carolina
Montana,Colorado
South Carolina,Virginia
New Mexico,Oklahoma
New Mexico,Idaho
South Carolina,Oklahoma
District of Columbia,District of Columbia
Georgia,Alabama
North Carolina,North Carolina
South Carolina,North Carolina
Georgia,North Carolina
Montana,Alaska
Ohio,Nebraska
South Carolina,Mississippi
California,California
South Carolina,Alabama
Georgia,Tennessee
Connecticut,Connecticut
South Carolina,Maryland
North Carolina,Maryland
North Carolina,North Carolina
Connecticut,New Jersey
New Mexico,New Mexico
New Mexico,New Mexico
South Carolina,North Carolina
Ohio,Iowa
Connecticut,Connecticut
Georgia,South Carolina
South Carolina,South Carolina
South Carolina,North Carolina
South Carolina,Alabama
Ohio,Ohio
Ohio,Illinois
South Carolina,North Carolina
District of Columbia,District of Columbia
Montana,Idaho
Georgia,North Carolina
South Carolina,Alabama
Ohio,Ohio
New Mexico,New Mexico
District of Columbia,District of Columbia
Arizona,New Mexico
New Mexico,New Mexico
Georgia,North Carolina
Montana,Colorado
Connecticut,Massachusetts
Georgia,North Carolina
Connecticut,Connecticut
Connecticut,Connecticut
Ohio,Connecticut
North Carolina,North Carolina
New Mexico,New Mexico
South Carolina,Missouri
South Carolina,Delaware
South Carolina,South Carolina
California,California
Georgia,Maryland
North Carolina,North Carolina
New Mexico,New Mexico
Ohio,Kentucky
District of Columbia,District of Columbia
North Carolina,Delaware
Ohio,New Jersey
New Mexico,New Mexico
District of Columbia,District of Columbia
Ohio,Ohio
Arizona,Arizona
South Carolina,Georgia
New Mexico,New Mexico
New Mexico,New Mexico
Arizona,Nevada
Connecticut,Connecticut
Montana,Wyoming
Arizona,New Mexico
District of Columbia,District of Columbia
Ohio,Vermont
Ohio,Ohio
North Carolina,Tennessee
South Carolina,Alabama
California,California
Montana,Idaho
Georgia,North Carolina
North Carolina,North Carolina
Arizona,New Mexico
Arizona,New Mexico
Arizona,New Mexico
Arizona,New Mexico
Arizona,New Mexico
South Carolina,North Carolina
Ohio,Ohio
North Carolina,West Virginia
California,California
California,Nevada
Arizona,New Mexico
Connecticut,Delaware
New Mexico,New Mexico
South Carolina,South Carolina
California,California
North Carolina,North Carolina
Connecticut,New Jersey
Montana,Wyoming
North Carolina,Virginia
California,Idaho
Connecticut,Connecticut
Montana,Montana
Montana,Montana
Connecticut,Connecticut
Montana,Colorado
California,Idaho
Arizona,New Mexico
South Carolina,North Carolina
District of Columbia,District of Columbia
District of Columbia,District of Columbia
Connecticut,New Jersey
Montana,Colorado
North Carolina,North Carolina
New Mexico,New Mexico
Connecticut,New Jersey
Arizona,New Mexico
Georgia,Florida
North Carolina,Virginia
Georgia,Georgia
Connecticut,Connecticut
New Mexico,Oklahoma
Montana,Colorado
Ohio,Michigan
Arizona,New Mexico
Montana,Wyoming
South Carolina,North Carolina
Georgia,Florida
District of Columbia,District of Columbia
North Carolina,Maryland
New Mexico,New Mexico
Montana,Idaho
Arizona,Arizona
Montana,Montana
Georgia,North Carolina
Montana,Wyoming
South Carolina,North Carolina
North Carolina,Ohio
Montana,Wyoming
Connecticut,Connecticut
Connecticut,Connecticut
New Mexico,New Mexico
South Carolina,Alabama
District of Columbia,District of Columbia
New Mexico,Oklahoma
South Carolina,Mississippi
South Carolina,Tennessee
Ohio,Ohio
North Carolina,North Carolina
Ohio,Ohio
Arizona,New Mexico
New Mexico,New Mexico
Arizona,New Mexico
Connecticut,Vermont
New Mexico,New Mexico
North Carolina,North Carolina
California,Nevada
California,California
Georgia,South Carolina
Montana,Montana
Connecticut,Connecticut
North Carolina,South Carolina
California,California
South Carolina,North Carolina
New Mexico,New Mexico
New Mexico,New Mexico
Georgia,Tennessee
Georgia,South Carolina
Georgia,Alabama
New Mexico,Oklahoma
Arizona,New Mexico
Arizona,Nevada
Montana,Montana
Connecticut,New Jersey
Georgia,Florida
Georgia,North Carolina
Arizona,New Mexico
New Mexico,New Mexico
Connecticut,Connecticut
North Carolina,North Carolina
Ohio,Ohio
Ohio,Ohio
Montana,Montana
District of Columbia,District of Columbia
South Carolina,Alabama
North Carolina,North Carolina
South Carolina,North Carolina
Montana,Arkansas
New Mexico,New Mexico
South Carolina,South Carolina
Connecticut,Connecticut
Ohio,Nebraska
Montana,Idaho
Arizona,Nevada
Montana,New Mexico
Georgia,Georgia
North Carolina,North Carolina
Montana,Washington
Connecticut,Tennessee
New Mexico,New Mexico
Connecticut,Connecticut
California,California
South Carolina,Mississippi
Georgia,North Carolina
Montana,Montana
District of Columbia,District of Columbia
California,California
Ohio,Iowa
Arizona,New Mexico
South Carolina,Alabama
District of Columbia,District of Columbia
Arizona,Nevada
California,California
District of Columbia,District of Columbia
Connecticut,Connecticut
Connecticut,Connecticut
Georgia,Florida
North Carolina,North Carolina
California,California
Georgia,North Carolina
North Carolina,North Carolina
Georgia,South Carolina
Georgia,Mississippi
North Carolina,North Carolina
Montana,Colorado
California,California
District of Columbia,District of Columbia
District of Columbia,District of Columbia
Connecticut,Connecticut
District of Columbia,District of Columbia
Connecticut,Connecticut
North Carolina,Virginia
North Carolina,North Carolina
Connecticut,Connecticut
Connecticut,Connecticut
North Carolina,Virginia
Montana,Colorado
Connecticut,Connecticut
Montana,New Mexico
California,California
New Mexico,Oklahoma
New Mexico,New Mexico
Ohio,Ohio
New Mexico,New Mexico
District of Columbia,District of Columbia
Montana,Idaho
Arizona,Utah
California,California
Ohio,Ohio
North Carolina,Connecticut
South Carolina,Arkansas
Arizona,Arizona
Ohio,Ohio
Connecticut,Connecticut
Arizona,New Mexico
Arizona,Nevada
Georgia,California
Connecticut,Connecticut
New Mexico,Oklahoma
Montana,Colorado
Montana,Vermont
Connecticut,Connecticut
Arizona,New Mexico
New Mexico,New Mexico
California,California
District of Columbia,District of Columbia
Georgia,North Carolina
South Carolina,Mississippi
New Mexico,Kansas
District of Columbia,District of Columbia
District of Columbia,Connecticut
Ohio,Kentucky
Georgia,Georgia
Ohio,Connecticut
New Mexico,New Mexico
California,California
North Carolina,Alabama
District of Columbia,District of Columbia
California,California
District of Columbia,New Jersey
Connecticut,Connecticut
Ohio,Ohio
California,California
Arizona,New Mexico
North Carolina,North Carolina
California,Nevada
Arizona,New Mexico
North Carolina,Massachusetts
Montana,New Mexico
Connecticut,Connecticut
Ohio,Ohio
District of Columbia,Maryland
North Carolina,North Carolina
Connecticut,Connecticut
New Mexico,Utah
Connecticut,New Jersey
California,California
California,California
Montana,Kansas
Georgia,North Carolina
South Carolina,Mississippi
Connecticut,Connecticut
Connecticut,Connecticut
California,California
Ohio,North Carolina
New Mexico,New Mexico
California,California
District of Columbia,District of Columbia
North Carolina,North Carolina
District of Columbia,District of Columbia
California,California
Georgia,Georgia
Montana,New Mexico
North Carolina,Maryland
New Mexico,New Mexico
Connecticut,Connecticut
California,California
Arizona,New Mexico
Georgia,Florida
Arizona,New Mexico
North Carolina,Virginia
Arizona,New Mexico
Montana,Montana
Montana,South Dakota
Connecticut,Connecticut
Georgia,North Carolina
Ohio,Kentucky
Georgia,South Carolina
Connecticut,New Jersey
Georgia,Ohio
Montana,Idaho
Montana,Montana
New Mexico,New Mexico
South Carolina,Georgia
Georgia,South Carolina
California,California
California,Oregon
New Mexico,New Mexico
Montana,California
South Carolina,North Carolina
District of Columbia,District of Columbia
New Mexico,New Mexico
Ohio,Ohio
New Mexico,New Mexico
Arizona,New Mexico
South Carolina,Mississippi
New Mexico,New Mexico
Connecticut,Connecticut
Connecticut,Connecticut
District of Columbia,District of Columbia
California,California
California,California
District of Columbia,District of Columbia
South Carolina,Mississippi
North Carolina,Georgia
Arizona,Arizona
California,California
Montana,Colorado
South Carolina,North Carolina
District of Columbia,District of Columbia
South Carolina,Washington
California,Nevada
North Carolina,North Carolina
Connecticut,Connecticut
California,California
Arizona,Arizona
Montana,Montana
Ohio,Oklahoma
Arizona,Arizona
California,California
Connecticut,Connecticut
Ohio,Ohio
North Carolina,South Carolina
Montana,Montana
California,California
South Carolina,Virginia
Georgia,North Carolina
New Mexico,New Mexico
Connecticut,Connecticut
Ohio,Iowa
South Carolina,Arkansas
North Carolina,North Carolina
Arizona,New Mexico
Arizona,Nevada
North Carolina,Alabama
District of Columbia,District of Columbia
Ohio,Ohio
New Mexico,Nevada
South Carolina,Maryland
Montana,Montana
Connecticut,Connecticut
Arizona,New Mexico
South Carolina,North Carolina
Georgia,South Carolina
South Carolina,Indiana
North Carolina,North Carolina
Ohio,West Virginia
Ohio,Ohio
Ohio,Pennsylvania
Georgia,Georgia
Connecticut,Connecticut
North Carolina,North Carolina
North Carolina,North Carolina
District of Columbia,District of Columbia
California,California
Arizona,New Mexico
District of Columbia,District of Columbia
South Carolina,Georgia
New Mexico,New Mexico
New Mexico,New Mexico
Montana,Idaho
New Mexico,New Mexico
Ohio,Kentucky
Arizona,Texas
Ohio,Ohio
Montana,Colorado
Montana,Montana
North Carolina,South Carolina
Arizona,New Mexico
California,California
North Carolina,North Carolina
District of Columbia,District of Columbia
New Mexico,New Mexico
South Carolina,North Carolina
North Carolina,North Carolina
Connecticut,Connecticut
Ohio,Ohio
Arizona,Arizona
Ohio,Pennsylvania
Connecticut,New Jersey
New Mexico,New Mexico
Georgia,Georgia
Georgia,Georgia
California,California
Arizona,Nevada
Arizona,New Mexico
Georgia,Ohio
South Carolina,Alabama
New Mexico,New Mexico
Ohio,Kentucky
California,California
Georgia,North Carolina
Montana,Montana
California,California
District of Columbia,District of Columbia
Connecticut,Connecticut
Ohio,Iowa
District of Columbia,Maryland
District of Columbia,District of Columbia
Arizona,New Mexico
Arizona,New Mexico
Arizona,New Mexico
District of Columbia,District of Columbia
Montana,Colorado
New Mexico,New Mexico
Arizona,New Mexico
Georgia,District of Columbia
New Mexico,New Mexico
New Mexico,New Mexico
Georgia,South Carolina
Georgia,Mississippi
Connecticut,Connecticut
Ohio,Washington
New Mexico,New Mexico
South Carolina,South Carolina
Arizona,Arizona
Ohio,New Jersey
Montana,Colorado
New Mexico,New Mexico
California,California
Arizona,Arizona
Montana,Montana
Ohio,Connecticut
Ohio,Oklahoma
District of Columbia,District of Columbia
North Carolina,North Carolina
Connecticut,Connecticut
Ohio,Vermont
California,Nevada
California,California
North Carolina,North Carolina
New Mexico,New Mexico
Georgia,New Mexico
California,California
District of Columbia,District of Columbia
California,California
California,Idaho
District of Columbia,District of Columbia
Montana,Montana
District of Columbia,District of Columbia
Montana,New Mexico
Montana,Colorado
Montana,Alaska
Georgia,South Carolina
Ohio,Michigan
North Carolina,North Carolina
Connecticut,Connecticut
Arizona,New Mexico
District of Columbia,New York
South Carolina,Alabama
Ohio,Indiana
Arizona,Nevada
Connecticut,Connecticut
District of Columbia,District of Columbia
Connecticut,Connecticut
Ohio,Ohio
North Carolina,North Carolina
Georgia,Alabama
Georgia,Texas
Arizona,New Mexico
District of Columbia,Connecticut
New Mexico,New Mexico
District of Columbia,District of Columbia
California,California
South Carolina,Mississippi
California,California
Arizona,New Mexico
South Carolina,Mississippi
California,California
North Carolina,North Carolina
Arizona,Nevada
California,California
Connecticut,New Jersey
New Mexico,New Mexico
District of Columbia,District of Columbia
Connecticut,Connecticut
Arizona,New Mexico
Ohio,Ohio
Georgia,Alabama
Montana,Colorado
South Carolina,South Carolina
North Carolina,North Carolina
Montana,Idaho
District of Columbia,New Jersey
Connecticut,Connecticut
California,California
Montana,New Mexico
Connecticut,Connecticut
District of Columbia,District of Columbia
Arizona,California
North Carolina,West Virginia
New Mexico,Nevada
California,Oregon
District of Columbia,District of Columbia
North Carolina,Georgia
Georgia,Florida
North Carolina,South Carolina
Ohio,Pennsylvania
Montana,Wyoming
District of Columbia,District of Columbia
New Mexico,New Mexico
South Carolina,North Carolina
Montana,Wyoming
District of Columbia,District of Columbia
New Mexico,New Mexico
California,California
Ohio,Ohio
Montana,Idaho
New Mexico,Kansas
South Carolina,North Carolina
California,California
North Carolina,North Carolina
New Mexico,New Mexico
Ohio,Ohio
District of Columbia,District of Columbia
Montana,Utah
California,California
District of Columbia,District of Columbia
Ohio,Ohio
California,California
New Mexico,Oklahoma
South Carolina,Alabama
Ohio,Ohio
Arizona,New Mexico
Georgia,Georgia
Ohio,Oklahoma
South Carolina,North Carolina
District of Columbia,District of Columbia
South Carolina,Georgia
Georgia,North Carolina
New Mexico,Oklahoma
North Carolina,West Virginia
New Mexico,New Mexico
New Mexico,Oklahoma
South Carolina,North Carolina
New Mexico,South Dakota
South Carolina,North Carolina
New Mexico,New Mexico
Ohio,Kentucky
Montana,Montana
Ohio,Ohio
District of Columbia,District of Columbia
New Mexico,Oklahoma
South Carolina,Florida
North Carolina,Virginia
Montana,Montana
New Mexico,New Mexico
California,California
Ohio,New Jersey
Montana,Idaho
California,California
District of Columbia,Connecticut
New Mexico,Oklahoma
New Mexico,New Mexico
District of Columbia,Maryland
Georgia,Georgia
South Carolina,Arkansas
North Carolina,Hawaii
New Mexico,New Mexico
Montana,Montana
South Carolina,Alabama
Connecticut,Connecticut
Connecticut,Connecticut
District of Columbia,District of Columbia
North Carolina,North Carolina
Ohio,Ohio
North Carolina,New Jersey
California,Arizona
District of Columbia,Maryland
South Carolina,Alabama
Georgia,North Carolina
California,Nevada
South Carolina,Alabama
District of Columbia,District of Columbia
North Carolina,North Carolina
Arizona,New Mexico
North Carolina,North Carolina
District of Columbia,District of Columbia
Arizona,New Mexico
New Mexico,Colorado
North Carolina,North Carolina
District of Columbia,District of Columbia
Montana,Nevada
Connecticut,Connecticut
California,California
South Carolina,North Carolina
Connecticut,Connecticut
District of Columbia,District of Columbia
Ohio,Illinois
Connecticut,Connecticut
Ohio,West Virginia
District of Columbia,District of Columbia
Montana,North Dakota
Georgia,Georgia
Montana,Montana
South Carolina,Virginia
District of Columbia,Ohio
District of Columbia,Virginia
North Carolina,Washington
North Carolina,North Carolina
Ohio,Ohio
North Carolina,North Carolina
Ohio,Ohio
North Carolina,North Carolina
California,California
North Carolina,District of Columbia
District of Columbia,District of Columbia
North Carolina,South Carolina
Georgia,Florida
Montana,Colorado
Arizona,New Mexico
District of Columbia,District of Columbia
Georgia,Florida
Georgia,South Carolina
North Carolina,North Carolina
Montana,Idaho
South Carolina,South Carolina
District of Columbia,District of Columbia
New Mexico,New Mexico
Arizona,Arizona
Georgia,South Carolina
New Mexico,New Mexico
Georgia,North Carolina
Montana,Idaho
California,California
Montana,Montana
Connecticut,Connecticut
South Carolina,Tennessee
South Carolina,North Carolina
North Carolina,North Carolina
California,California
Georgia,Virginia
California,California
Connecticut,Connecticut
District of Columbia,District of Columbia
Montana,Wyoming
District of Columbia,Maryland
North Carolina,Alabama
South Carolina,Virginia
Ohio,Michigan
California,Nevada
North Carolina,North Carolina
New Mexico,Utah
Ohio,Indiana
South Carolina,Delaware
South Carolina,Alabama
Arizona,Arizona
Georgia,Georgia
Ohio,Iowa
Arizona,New Mexico
Ohio,Ohio
North Carolina,Kentucky
Connecticut,New Jersey
Arizona,New Mexico
Connecticut,Maine
Arizona,Arizona
North Carolina,North Carolina
Georgia,Georgia
Ohio,Michigan
New Mexico,New Mexico
Arizona,Arizona
California,California
South Carolina,North Carolina
Ohio,Kentucky
Connecticut,Connecticut
California,California
South Carolina,North Carolina
Arizona,Arizona
Georgia,Michigan
Ohio,Ohio
New Mexico,New Mexico
Arizona,New Mexico
Connecticut,New Jersey
Georgia,Delaware
District of Columbia,District of Columbia
Ohio,Kentucky
District of Columbia,Ohio
California,California
North Carolina,South Carolina
District of Columbia,District of Columbia
Arizona,Arizona
Montana,Idaho
Ohio,West Virginia
Arizona,New Mexico
New Mexico,New Mexico
New Mexico,New Mexico
District of Columbia,District of Columbia
California,California
Georgia,Georgia
Arizona,New Mexico
Georgia,North Carolina
New Mexico,New Mexico
District of Columbia,Maryland
Georgia,Georgia
New Mexico,New Mexico
Arizona,California
Ohio,Kentucky
California,California
Ohio,Kentucky
South Carolina,Alabama
Ohio,Ohio
Arizona,New Mexico
Arizona,New Mexico
Georgia,South Carolina
Ohio,New Jersey
South Carolina,North Carolina
Ohio,Iowa
North Carolina,North Carolina
Arizona,New Mexico
District of Columbia,District of Columbia
Georgia,South Carolina
Georgia,North Carolina
North Carolina,North Carolina
North Carolina,North Carolina
South Carolina,North Carolina
Arizona,New Mexico
Arizona,New Mexico
Georgia,Georgia
Georgia,Ohio
North Carolina,North Carolina
District of Columbia,District of Columbia
North Carolina,North Carolina
California,California
Montana,Wyoming
South Carolina,North Carolina
Arizona,Arizona
California,California
Arizona,Nevada
Georgia,North Carolina
North Carolina,North Carolina
Arizona,Arizona
California,New Mexico
South Carolina,Tennessee
Arizona,New Mexico
Georgia,North Carolina
Arizona,Utah
Connecticut,Connecticut
Montana,Idaho
South Carolina,Alabama
North Carolina,North Carolina
Montana,New Mexico
District of Columbia,District of Columbia
Montana,Montana
New Mexico,New Mexico
South Carolina,Alabama
Ohio,Vermont
Connecticut,Connecticut
Connecticut,New Jersey
South Carolina,South Carolina
Ohio,Ohio
California,Nevada
Montana,Montana
District of Columbia,District of Columbia
California,California
Montana,New Mexico
Georgia,Mississippi
North Carolina,North Carolina
California,California
California,California
District of Columbia,District of Columbia
Connecticut,Maine
Georgia,Alabama
California,California
California,California
District of Columbia,Virginia
Montana,Colorado
Arizona,New Mexico
South Carolina,North Carolina
New Mexico,New Mexico
District of Columbia,District of Columbia
Ohio,Vermont
District of Columbia,District of Columbia
California,California
Arizona,New Mexico
Montana,Colorado
North Carolina,North Carolina
California,California
North Carolina,North Carolina
Montana,Montana
Connecticut,Connecticut
North Carolina,North Carolina
Montana,Idaho
South Carolina,North Carolina
District of Columbia,District of Columbia
Arizona,New Mexico
Connecticut,Connecticut
North Carolina,North Carolina
Georgia,Georgia
Arizona,New Mexico
South Carolina,North Carolina
Connecticut,Connecticut
Arizona,New Mexico
South Carolina,Arizona
South Carolina,South Carolina
New Mexico,New Mexico
New Mexico,New Mexico
Ohio,Ohio
Montana,California
Ohio,Ohio
Montana,Wyoming
New Mexico,New Mexico
South Carolina,North Carolina
District of Columbia,District of Columbia
Montana,Montana
Montana,Wyoming
Montana,Idaho
California,California
Ohio,Ohio
Montana,Idaho
Connecticut,Connecticut
Ohio,Vermont
Ohio,Delaware
District of Columbia,District of Columbia
Georgia,South Carolina
District of Columbia,District of Columbia
Georgia,North Carolina
South Carolina,Alabama
Arizona,New Mexico
New Mexico,New Mexico
South Carolina,North Carolina
California,California
Montana,Wyoming
Ohio,Ohio
Connecticut,Connecticut
Connecticut,Connecticut
Georgia,Georgia
Georgia,South Carolina
California,Idaho
Montana,Idaho
Connecticut,Connecticut
District of Columbia,District of Columbia
Montana,Colorado
Connecticut,Connecticut
North Carolina,North Carolina
Connecticut,Connecticut
Ohio,Ohio
Arizona,New Mexico
California,California
New Mexico,New Mexico
Georgia,North Carolina
Connecticut,New Jersey
California,California
North Carolina,North Carolina
Connecticut,New Jersey
Ohio,Maryland
New Mexico,New Mexico
Georgia,Delaware
Georgia,Florida
New Mexico,New Mexico
South Carolina,North Carolina
South Carolina,North Carolina
Ohio,North Carolina
North Carolina,North Carolina
Connecticut,Connecticut
California,California
Arizona,New Mexico
New Mexico,New Mexico
Arizona,New Mexico
Nevada,Nevada
Illinois,South Dakota
Delaware,Delaware
Washington,Washington
Colorado,New Mexico
Colorado,Utah
Illinois,Minnesota
Illinois,Illinois
Washington,Oregon
Michigan,Alaska
Nevada,Nevada
South Dakota,North Dakota
Tennessee,Kentucky
South Dakota,North Dakota
Tennessee,Tennessee
Nevada,Wyoming
Nevada,Nevada
Massachusetts,Massachusetts
Delaware,Maryland
Washington,Washington
Washington,Washington
Michigan,Illinois
Massachusetts,Maine
Michigan,Ohio
Illinois,Delaware
Michigan,Michigan
Colorado,Montana
Tennessee,Tennessee
Illinois,Illinois
Washington,Washington
Nevada,Nevada
Massachusetts,Rhode Island
Washington,Washington
Massachusetts,Massachusetts
Colorado,New Mexico
Michigan,Michigan
Colorado,Idaho
Colorado,Colorado
Nevada,Nevada
South Dakota,Illinois
Illinois,Michigan
Nevada,Nevada
Colorado,Nebraska
Michigan,Michigan
Idaho,Utah
Colorado,Colorado
South Dakota,North Dakota
Delaware,Delaware
Washington,Washington
South Dakota,Kansas
Tennessee,Tennessee
Idaho,Colorado
South Dakota,Missouri
Michigan,Michigan
Colorado,Colorado
Tennessee,West Virginia
Idaho,Idaho
Idaho,Wyoming
Delaware,New Jersey
Massachusetts,Massachusetts
Michigan,Illinois
Illinois,Michigan
Illinois,Michigan
Colorado,Colorado
Washington,Washington
Colorado,Nevada
Michigan,Ohio
Delaware,Delaware
Tennessee,Arkansas
Colorado,Colorado
Washington,Washington
Delaware,Delaware
Colorado,Missouri
Washington,Washington
South Dakota,South Dakota
Idaho,Washington
Massachusetts,New Jersey
Massachusetts,Massachusetts
Delaware,Delaware
Delaware,New Jersey
Michigan,New Jersey
Colorado,Idaho
Massachusetts,Massachusetts
Tennessee,Tennessee
Colorado,Nevada
Massachusetts,New Jersey
Idaho,Wyoming
Illinois,Illinois
Tennessee,West Virginia
Idaho,Colorado
Michigan,Michigan
Nevada,Utah
Colorado,South Dakota
Michigan,California
Idaho,Idaho
Nevada,Nevada
Colorado,Utah
Tennessee,Virginia
Colorado,Montana
South Dakota,Iowa
Massachusetts,New Jersey
Illinois,Illinois
Idaho,Nevada
Nevada,Nevada
Delaware,Maryland
Michigan,West Virginia
Massachusetts,Rhode Island
Michigan,Michigan
Idaho,Idaho
Tennessee,Tennessee
Colorado,Colorado
Nevada,Utah
Illinois,Illinois
Delaware,Delaware
Idaho,Colorado
Massachusetts,Connecticut
Nevada,New Mexico
Nevada,Utah
Tennessee,Ohio
South Dakota,Iowa
South Dakota,South Dakota
Colorado,Idaho
Massachusetts,Connecticut
Michigan,Illinois
Delaware,Delaware
Nevada,Nevada
Colorado,New Jersey
Delaware,Delaware
Michigan,Ohio
South Dakota,Wyoming
Illinois,Nebraska
Michigan,Maine
Nevada,Nevada
Illinois,Iowa
Colorado,Montana
Illinois,Illinois
Delaware,Pennsylvania
Idaho,Idaho
Nevada,Nevada
Idaho,Utah
Delaware,New Jersey
Illinois,Illinois
Massachusetts,Massachusetts
Tennessee,West Virginia
Delaware,North Carolina
Colorado,Wyoming
Delaware,Pennsylvania
Nevada,Nevada
Massachusetts,Maine
Delaware,Delaware
Tennessee,Virginia
South Dakota,South Dakota
Idaho,Idaho
Nevada,Utah
Massachusetts,Massachusetts
Delaware,Kentucky
Tennessee,Tennessee
South Dakota,South Dakota
Massachusetts,Massachusetts
Illinois,Illinois
Tennessee,Tennessee
Nevada,Nevada
Michigan,Delaware
Idaho,Wyoming
Delaware,Delaware
Illinois,Ohio
Washington,Washington
Colorado,Wyoming
Delaware,Virginia
Washington,Washington
Tennessee,Kentucky
Nevada,Nevada
Delaware,Arkansas
Colorado,Idaho
Michigan,Michigan
Colorado,Colorado
South Dakota,Montana
Idaho,Colorado
Colorado,Colorado
Colorado,Colorado
Washington,Washington
Washington,Washington
Illinois,Michigan
Colorado,New Mexico
Nevada,Nevada
South Dakota,Kansas
South Dakota,North Dakota
South Dakota,Kansas
Idaho,Utah
Massachusetts,New Jersey
Colorado,New Mexico
South Dakota,North Dakota
Washington,Washington
Nevada,Utah
Massachusetts,Connecticut
Illinois,Illinois
Washington,Oregon
Colorado,Colorado
Idaho,Montana
Michigan,Illinois
Colorado,New Mexico
Nevada,Nevada
South Dakota,South Dakota
Michigan,Nebraska
Washington,Oregon
Tennessee,Maine
Colorado,Montana
Washington,Washington
Nevada,New Mexico
Michigan,Connecticut
Delaware,Pennsylvania
Idaho,Utah
South Dakota,South Dakota
South Dakota,South Dakota
Massachusetts,District of Columbia
Tennessee,Tennessee
Delaware,Virginia
South Dakota,North Dakota
Illinois,Illinois
Massachusetts,Massachusetts
Illinois,Missouri
Delaware,Delaware
South Dakota,South Dakota
Colorado,New Mexico
Massachusetts,Massachusetts
Massachusetts,District of Columbia
Delaware,Delaware
Illinois,Maryland
Delaware,Delaware
Delaware,Delaware
Michigan,Michigan
Colorado,Colorado
Michigan,Nebraska
Nevada,New Mexico
Nevada,Nevada
Idaho,New Mexico
South Dakota,North Dakota
Idaho,Utah
Massachusetts,Massachusetts
Massachusetts,Massachusetts
Idaho,Montana
Colorado,Colorado
Idaho,Montana
Delaware,Pennsylvania
Massachusetts,Massachusetts
Idaho,Montana
Tennessee,Tennessee
South Dakota,North Dakota
Michigan,Michigan
Delaware,New Jersey
Delaware,New Jersey
Idaho,New Mexico
Washington,Washington
South Dakota,North Dakota
Idaho,Colorado
Illinois,Utah
Tennessee,Tennessee
Idaho,Utah
Massachusetts,Wisconsin
Massachusetts,Connecticut
Illinois,Illinois
Michigan,Michigan
Washington,Washington
Idaho,Colorado
Washington,Washington
Washington,Oregon
Michigan,Michigan
Illinois,Wisconsin
Delaware,Delaware
South Dakota,South Dakota
Massachusetts,Massachusetts
Massachusetts,Connecticut
Michigan,Michigan
Illinois,Illinois
Idaho,Idaho
Illinois,Illinois
Washington,Washington
Michigan,New Jersey
Michigan,Ohio
Michigan,Ohio
Nevada,Arizona
Massachusetts,Massachusetts
South Dakota,Nebraska
Michigan,Nebraska
Nevada,Nevada
Massachusetts,Massachusetts
Massachusetts,Connecticut
Nevada,Nevada
Illinois,Illinois
Washington,Washington
Tennessee,Tennessee
Illinois,Illinois
Colorado,Colorado
South Dakota,Iowa
Michigan,Michigan
Nevada,Arizona
South Dakota,South Dakota
Michigan,Illinois
South Dakota,North Dakota
Nevada,Arizona
South Dakota,North Dakota
Massachusetts,Massachusetts
Tennessee,Louisiana
Michigan,Delaware
Idaho,Idaho
Tennessee,Florida
Tennessee,Tennessee
Colorado,Delaware
Tennessee,West Virginia
Colorado,Colorado
South Dakota,North Dakota
Tennessee,Maryland
Delaware,Arkansas
South Dakota,North Dakota
Washington,Washington
Tennessee,South Dakota
Massachusetts,Iowa
South Dakota,North Dakota
Illinois,Illinois
Idaho,Utah
Tennessee,Tennessee
Massachusetts,Massachusetts
Nevada,Nevada
Michigan,Ohio
Washington,Washington
Tennessee,Missouri
Michigan,Michigan
Michigan,Ohio
South Dakota,Colorado
Tennessee,Mississippi
Tennessee,Ohio
Idaho,Utah
Tennessee,Virginia
Nevada,Nevada
Delaware,Delaware
Washington,Washington
Washington,Washington
Michigan,Michigan
Michigan,Delaware
Nevada,Nevada
Massachusetts,New Jersey
Washington,Washington
Delaware,Delaware
Michigan,New Jersey
Tennessee,Tennessee
Idaho,Idaho
Idaho,Wyoming
Tennessee,Arkansas
Washington,Oregon
Delaware,Delaware
Tennessee,Virginia
Massachusetts,Connecticut
Delaware,Delaware
Nevada,Nevada
Idaho,Colorado
Washington,Washington
Nevada,Nevada
Illinois,Illinois
Tennessee,West Virginia
Nevada,Utah
Washington,Oregon
Tennessee,Virginia
Washington,Washington
Delaware,Pennsylvania
Tennessee,Kentucky
Massachusetts,Connecticut
Nevada,Nevada
Massachusetts,Rhode Island
Delaware,Maryland
Tennessee,Tennessee
Illinois,Indiana
Nevada,Nevada
Idaho,Idaho
Washington,Washington
Tennessee,Tennessee
Michigan,Illinois
South Dakota,North Dakota
Michigan,Delaware
Nevada,Nevada
Tennessee,Tennessee
Tennessee,Tennessee
Michigan,Oregon
Colorado,Colorado
Tennessee,Connecticut
Colorado,Colorado
Colorado,Wyoming
Washington,Washington
Michigan,Iowa
Nevada,Nevada
Washington,Washington
Idaho,Colorado
Illinois,Illinois
Massachusetts,Massachusetts
Tennessee,North Carolina
Nevada,Nevada
Michigan,Connecticut
Idaho,Idaho
Nevada,Nevada
Nevada,Nevada
Washington,Washington
Massachusetts,Massachusetts
Illinois,Illinois
Colorado,Utah
South Dakota,North Dakota
Colorado,Colorado
Tennessee,Virginia
Nevada,Nevada
Colorado,Wyoming
Massachusetts,Massachusetts
Nevada,Nevada
Michigan,Ohio
Tennessee,Louisiana
Washington,Oregon
Michigan,Michigan
Michigan,Nebraska
Illinois,Ohio
Idaho,Idaho
South Dakota,North Dakota
Idaho,Idaho
Delaware,Delaware
Massachusetts,Massachusetts
Illinois,Colorado
Tennessee,Arkansas
Idaho,Colorado
Idaho,Colorado
Massachusetts,Connecticut
Illinois,Illinois
Idaho,Idaho
Tennessee,Arkansas
Nevada,Nevada
Massachusetts,Massachusetts
Delaware,Maryland
Delaware,Delaware
South Dakota,North Dakota
Tennessee,Louisiana
Delaware,Arkansas
Colorado,New Mexico
Illinois,Indiana
Washington,Washington
Tennessee,Connecticut
Colorado,Montana
Idaho,Montana
South Dakota,Kansas
Washington,Oregon
South Dakota,Iowa
Colorado,New Mexico
Delaware,Delaware
Tennessee,West Virginia
Delaware,Delaware
Nevada,Wyoming
Illinois,Michigan
South Dakota,North Dakota
Michigan,Michigan
Illinois,Oklahoma
Illinois,Illinois
Nevada,Nevada
Washington,Washington
Nevada,Utah
Washington,Washington
South Dakota,North Dakota
Colorado,Idaho
South Dakota,North Dakota
Washington,Oregon
Illinois,Illinois
Colorado,Colorado
Colorado,South Dakota
Tennessee,Florida
Washington,Washington
Illinois,Illinois
Idaho,Utah
Nevada,Utah
Idaho,Idaho
Idaho,Utah
Washington,Oregon
Nevada,Nevada
Washington,Oregon
Illinois,Illinois
Idaho,Colorado
Illinois,Nebraska
Idaho,Colorado
Tennessee,North Carolina
Massachusetts,Massachusetts
Delaware,Delaware
South Dakota,North Dakota
South Dakota,Nebraska
Michigan,Ohio
South Dakota,North Dakota
Washington,Washington
Illinois,Illinois
South Dakota,North Dakota
Idaho,Idaho
Illinois,Michigan
South Dakota,South Dakota
Massachusetts,Massachusetts
Michigan,New Jersey
Nevada,Nevada
Colorado,Nevada
Michigan,Maryland
Delaware,Delaware
Michigan,Ohio
Delaware,Delaware
Washington,California
Massachusetts,Massachusetts
Delaware,Delaware
Idaho,Colorado
Michigan,Michigan
Tennessee,Arkansas
Tennessee,Virginia
Washington,Oregon
Tennessee,Tennessee
Illinois,Illinois
South Dakota,South Dakota
South Dakota,North Dakota
Michigan,Michigan
Washington,Washington
Massachusetts,Massachusetts
Washington,Oregon
Tennessee,Mississippi
Colorado,Nebraska
Michigan,West Virginia
Nevada,California
Colorado,Colorado
Idaho,Idaho
Massachusetts,District of Columbia
Idaho,Idaho
Delaware,Delaware
South Dakota,South Dakota
Colorado,New Mexico
Tennessee,Delaware
Michigan,Illinois
Michigan,Ohio
Illinois,Illinois
Idaho,Montana
Tennessee,Tennessee
Illinois,Illinois
Illinois,Ohio
Illinois,Illinois
Tennessee,Pennsylvania
Idaho,Utah
Washington,Washington
Illinois,Illinois
Colorado,Colorado
Massachusetts,Connecticut
Massachusetts,District of Columbia
South Dakota,Nebraska
Delaware,Delaware
South Dakota,South Dakota
Nevada,Utah
Massachusetts,Massachusetts
Illinois,Illinois
South Dakota,Delaware
Nevada,Nevada
Illinois,Illinois
Idaho,Alaska
Massachusetts,Massachusetts
Massachusetts,Massachusetts
Washington,Oregon
Colorado,Wyoming
Illinois,Nebraska
Nevada,Nevada
Colorado,Oregon
Delaware,New York
Massachusetts,Washington
Michigan,Massachusetts
Delaware,New Jersey
Washington,Washington
South Dakota,North Dakota
Washington,Washington
South Dakota,Delaware
Nevada,Utah
Illinois,Illinois
Delaware,New Jersey
Idaho,Nevada
Nevada,Nevada
South Dakota,North Dakota
Washington,Washington
Delaware,Delaware
Washington,Oregon
Colorado,Utah
Idaho,Colorado
Idaho,Utah
Michigan,Ohio
Nevada,Nevada
Tennessee,Tennessee
Colorado,Colorado
Nevada,Nevada
Tennessee,Tennessee
Washington,Oregon
Colorado,Idaho
Tennessee,Ohio
Delaware,Delaware
Michigan,Michigan
Michigan,Wisconsin
South Dakota,North Dakota
Colorado,Colorado
Delaware,Delaware
Michigan,Michigan
Illinois,District of Columbia
Illinois,Illinois
Michigan,Ohio
Idaho,Colorado
Washington,Washington
Colorado,Wyoming
Illinois,Illinois
Colorado,New Mexico
South Dakota,North Dakota
Illinois,Illinois
Massachusetts,Massachusetts
Tennessee,Tennessee
Delaware,Delaware
Illinois,Michigan
Delaware,Delaware
Delaware,Delaware
South Dakota,Wyoming
Delaware,Delaware
Tennessee,Maryland
Michigan,Oregon
Idaho,Montana
South Dakota,South Dakota
Tennessee,Ohio
Delaware,New Jersey
Delaware,Pennsylvania
Colorado,Colorado
Idaho,Idaho
Michigan,Wyoming
Idaho,Idaho
Washington,Oregon
Delaware,Delaware
Washington,Oregon
Massachusetts,Massachusetts
Colorado,Kansas
Michigan,Illinois
Nevada,Nevada
Washington,Washington
South Dakota,North Dakota
South Dakota,South Dakota
Colorado,Utah
Idaho,Wyoming
Washington,Washington
Delaware,Delaware
Delaware,New Jersey
Washington,Washington
Nevada,Utah
Illinois,Illinois
Nevada,Nevada
Washington,Washington
Massachusetts,Massachusetts
Michigan,Minnesota
Washington,Oregon
Michigan,Michigan
Idaho,Idaho
Massachusetts,Massachusetts
Nevada,Nevada
Tennessee,Tennessee
Illinois,Nebraska
Colorado,New Mexico
Illinois,Illinois
Illinois,Illinois
Massachusetts,Massachusetts
Nevada,Utah
Massachusetts,Massachusetts
Nevada,Nevada
South Dakota,Illinois
Illinois,Illinois
Colorado,Wyoming
Washington,Oregon
South Dakota,North Dakota
Colorado,Idaho
Washington,Washington
Delaware,Delaware
Delaware,Delaware
Tennessee,Tennessee
Massachusetts,Massachusetts
Washington,Washington
Colorado,Colorado
Michigan,West Virginia
Colorado,Colorado
Idaho,Wyoming
South Dakota,North Dakota
South Dakota,Iowa
Nevada,Nevada
Massachusetts,New Jersey
Idaho,Idaho
Delaware,Maryland
Illinois,Illinois
Michigan,Delaware
Michigan,Michigan
Idaho,Wyoming
Washington,Washington
Delaware,Delaware
Illinois,Ohio
Nevada,Utah
Nevada,Nevada
Illinois,Iowa
Nevada,Nevada
Colorado,Nebraska
Idaho,Utah
Colorado,Colorado
South Dakota,South Dakota
Delaware,Delaware
Tennessee,New Jersey
Illinois,Illinois
South Dakota,South Dakota
Massachusetts,Massachusetts
South Dakota,Iowa
Idaho,Idaho
Massachusetts,Massachusetts
South Dakota,Nebraska
Michigan,Ohio
Massachusetts,District of Columbia
Idaho,Utah
Nevada,Nevada
Washington,Oregon
Michigan,Iowa
South Dakota,Iowa
Colorado,Colorado
Delaware,Delaware
Idaho,Idaho
Illinois,Illinois
Michigan,Michigan
South Dakota,Nebraska
South Dakota,Kansas
Nevada,Nevada
Colorado,Colorado
Idaho,Idaho
Michigan,Michigan
Washington,Oregon
Illinois,Illinois
Michigan,Michigan
Colorado,Delaware
Washington,Oregon
Nevada,Nevada
Illinois,Illinois
Washington,Washington
Michigan,Michigan
Illinois,Illinois
Nevada,Nevada
Washington,Washington
Illinois,Michigan
Massachusetts,Massachusetts
Colorado,Utah
Massachusetts,District of Columbia
Idaho,Idaho
Massachusetts,Rhode Island
Nevada,Nevada
Illinois,District of Columbia
Delaware,Delaware
Idaho,Colorado
Washington,Washington
South Dakota,Kansas
Michigan,Delaware
Nevada,Nevada
Washington,Washington
Idaho,Wyoming
Washington,Washington
Nevada,New Mexico
Massachusetts,Rhode Island
Tennessee,Utah
Michigan,Michigan
Michigan,New Jersey
Michigan,Indiana
Washington,Washington
Delaware,Delaware
Washington,Oregon
Illinois,Iowa
South Dakota,Delaware
Delaware,Delaware
South Dakota,North Dakota
Massachusetts,Massachusetts
Colorado,New Mexico
Tennessee,Ohio
Nevada,Nevada
Washington,Washington
Delaware,North Carolina
South Dakota,South Dakota
South Dakota,Iowa
Colorado,New Mexico
Michigan,Illinois
Colorado,Idaho
Massachusetts,Massachusetts
Colorado,Wyoming
Colorado,Utah
Michigan,Michigan
Michigan,Michigan
Michigan,Oklahoma
Washington,Washington
South Dakota,South Dakota
Idaho,Colorado
Tennessee,Maryland
Michigan,Ohio
Colorado,Montana
Colorado,Colorado
Tennessee,Alabama
Delaware,Delaware
Nevada,Nevada
Massachusetts,Connecticut
Idaho,Wyoming
Massachusetts,New Jersey
South Dakota,South Dakota
Michigan,Ohio
Delaware,Delaware
Washington,Oregon
Tennessee,Tennessee
Colorado,Colorado
Colorado,Wyoming
Massachusetts,Massachusetts
Illinois,Illinois
Washington,Washington
Illinois,Illinois
Tennessee,Virginia
Nevada,Arizona
Delaware,New Jersey
Idaho,Utah
Nevada,Nevada
Delaware,New Jersey
South Dakota,North Dakota
Michigan,Delaware
Idaho,Montana
Michigan,Ohio
Illinois,Missouri
Delaware,Virginia
Colorado,Nebraska
Nevada,Nevada
Colorado,Colorado
Idaho,Idaho
Nevada,Nevada
Tennessee,Mississippi
Delaware,New Jersey
Nevada,Utah
Nevada,California
Tennessee,Mississippi
South Dakota,Colorado
Nevada,Nevada
Illinois,Illinois
South Dakota,North Dakota
Delaware,Delaware
Idaho,Idaho
Illinois,Illinois
Massachusetts,Massachusetts
Michigan,Ohio
Illinois,Minnesota
Tennessee,Mississippi
Idaho,Idaho
Colorado,Wyoming
Massachusetts,Massachusetts
Washington,Washington
Massachusetts,Massachusetts
Colorado,Nebraska
Delaware,New Jersey
Washington,Washington
Idaho,Montana
Nevada,Nevada
Illinois,Iowa
Illinois,Indiana
Nevada,Nevada
Delaware,Virginia
Illinois,Illinois
Illinois,Minnesota
Massachusetts,Maine
Tennessee,West Virginia
South Dakota,South Dakota
Colorado,Colorado
Nevada,Nevada
Washington,Washington
Washington,Washington
Tennessee,New Jersey
Washington,Washington
Massachusetts,Massachusetts
Nevada,Nevada
South Dakota,South Dakota
Idaho,Montana
Washington,Washington
Washington,Idaho
Massachusetts,Massachusetts
Massachusetts,Massachusetts
Idaho,Idaho
Nevada,Nevada
Delaware,Delaware
Massachusetts,Massachusetts
Tennessee,Tennessee
South Dakota,South Dakota
Idaho,Wyoming
Tennessee,Tennessee
South Dakota,North Dakota
Washington,Washington
Illinois,Illinois
Michigan,Michigan
Delaware,Maryland
Colorado,Colorado
Tennessee,Alabama
Tennessee,North Carolina
Delaware,Maryland
Delaware,New Jersey
Nevada,Nevada
Massachusetts,Massachusetts
Tennessee,Kentucky
South Dakota,Colorado
Washington,Washington
Michigan,Illinois
Delaware,Maryland
Washington,Washington
Illinois,Illinois
Tennessee,Maryland
Illinois,Ohio
Delaware,New Jersey
Colorado,Montana
Idaho,Colorado
Delaware,Delaware
Delaware,Delaware
Massachusetts,Connecticut
Colorado,Montana
Idaho,Idaho
Massachusetts,New Jersey
Idaho,Montana
Washington,Washington
Delaware,Connecticut
Illinois,Iowa
Idaho,New Mexico
Delaware,Maryland
South Dakota,Illinois
Tennessee,Alabama
Delaware,Maryland
Nevada,Nevada
Tennessee,Virginia
Delaware,Maryland
Tennessee,Tennessee
Massachusetts,Massachusetts
Michigan,Ohio
Nevada,Nevada
Massachusetts,Massachusetts
Massachusetts,New Jersey
Washington,Connecticut
Washington,Washington
Delaware,Delaware
Idaho,Idaho
Idaho,Utah
Massachusetts,Massachusetts
Nevada,Nevada
Tennessee,Kentucky
Massachusetts,Massachusetts
Illinois,North Dakota
Tennessee,Virginia
Illinois,Illinois
Tennessee,South Carolina
Tennessee,Kentucky
Idaho,Nevada
Tennessee,Connecticut
Illinois,Illinois
South Dakota,South Dakota
Idaho,Montana
Delaware,Pennsylvania
Washington,Washington
Delaware,Delaware
Colorado,Colorado
Tennessee,Washington
Delaware,New Jersey
Massachusetts,Washington
Massachusetts,North Carolina
Washington,Oregon
Nevada,Utah
Michigan,New Jersey
Illinois,Indiana
Tennessee,Tennessee
Illinois,Illinois
Massachusetts,New Jersey
Idaho,Idaho
Colorado,New Mexico
Tennessee,Tennessee
Colorado,Colorado
South Dakota,North Dakota
South Dakota,South Dakota
Idaho,Idaho
South Dakota,North Dakota
Washington,Washington
Nevada,Nevada
Michigan,New Jersey
South Dakota,North Dakota
Massachusetts,Massachusetts
South Dakota,Iowa
Idaho,Wyoming
South Dakota,Colorado
Idaho,Utah
Colorado,Colorado
Massachusetts,Massachusetts
Tennessee,Tennessee
Michigan,Ohio
Michigan,New Jersey
Illinois,Arkansas
Colorado,Colorado
Idaho,Idaho
Michigan,Ohio
Massachusetts,California
Illinois,Illinois
Massachusetts,New Jersey
Illinois,Michigan
Nevada,Nevada
Tennessee,Alabama
South Dakota,Iowa
Nevada,Nevada
Tennessee,Alabama
Mississippi,Alabama
Oregon,Oregon
Missouri,Michigan
Oregon,Oregon
Indiana,Ohio
Minnesota,Maine
Iowa,Iowa
Mississippi,Mississippi
Mississippi,Mississippi
Minnesota,Wisconsin
Iowa,Iowa
Indiana,Illinois
Maryland,Connecticut
Mississippi,Mississippi
Alabama,Mississippi
Maryland,Connecticut
Missouri,Missouri
Iowa,North Dakota
Missouri,Ohio
Maryland,Pennsylvania
Oregon,Oregon
Iowa,Iowa
Missouri,Missouri
Indiana,Indiana
Iowa,Iowa
Mississippi,Mississippi
Missouri,Mississippi
Alaska,Alaska
Oregon,Oregon
Maryland,Delaware
Indiana,Indiana
Maryland,Maryland
Mississippi,Mississippi
Alabama,Louisiana
Oregon,Oregon
Minnesota,Connecticut
Iowa,Ohio
Alabama,Texas
Mississippi,South Carolina
Maryland,Pennsylvania
Mississippi,Tennessee
Missouri,Oklahoma
Missouri,Mississippi
Maryland,Virginia
Indiana,District of Columbia
Missouri,Maryland
Alabama,Mississippi
Indiana,Ohio
Alaska,Alaska
Alabama,North Carolina
Alaska,Washington
Maryland,Maryland
Mississippi,South Carolina
Alaska,Washington
Maryland,Maryland
Minnesota,South Dakota
Missouri,Oklahoma
Missouri,Missouri
West Virginia,West Virginia
Iowa,South Dakota
Iowa,Iowa
Minnesota,North Dakota
Indiana,Ohio
Minnesota,Iowa
Alabama,Mississippi
Minnesota,North Dakota
Indiana,Vermont
Iowa,Nebraska
Indiana,Ohio
Missouri,Mississippi
Maryland,Maryland
Alaska,Washington
West Virginia,West Virginia
Mississippi,Alabama
Alabama,New Jersey
Mississippi,Mississippi
Mississippi,Alabama
Maryland,Ohio
Minnesota,North Dakota
Iowa,Iowa
Missouri,Missouri
Alaska,Washington
Mississippi,Louisiana
Minnesota,Iowa
Alaska,Alaska
Missouri,Mississippi
Iowa,Minnesota
Alabama,Maryland
Missouri,Mississippi
Indiana,Texas
Maryland,Virginia
Indiana,Illinois
Oregon,Washington
Indiana,Iowa
Oregon,Washington
Maryland,Maryland
Iowa,Nebraska
Alaska,Washington
Alabama,Mississippi
Minnesota,Vermont
Iowa,Kansas
West Virginia,West Virginia
Mississippi,Alabama
West Virginia,Ohio
Minnesota,South Dakota
Maryland,Maryland
Missouri,Mississippi
Minnesota,West Virginia
Mississippi,Alabama
Iowa,Iowa
Alaska,Alaska
Oregon,Washington
Missouri,West Virginia
Maryland,New Jersey
Missouri,Missouri
Alaska,Alaska
Mississippi,Mississippi
Missouri,Missouri
Mississippi,Mississippi
Indiana,North Carolina
Mississippi,Alabama
Minnesota,Ohio
Alabama,South Carolina
Minnesota,Indiana
Indiana,Ohio
Iowa,Kansas
Alaska,Washington
Alaska,Washington
Missouri,Oklahoma
West Virginia,West Virginia
Indiana,Pennsylvania
West Virginia,West Virginia
Minnesota,Connecticut
Alaska,Washington
Alaska,Washington
Missouri,Mississippi
Iowa,Iowa
Alabama,Arkansas
Maryland,Delaware
West Virginia,Ohio
West Virginia,Pennsylvania
Alabama,Maryland
Alaska,Alaska
Missouri,Ohio
Missouri,Mississippi
Alaska,Washington
Missouri,Oklahoma
Oregon,Oregon
Missouri,Ohio
Mississippi,Alabama
Alabama,New Jersey
Alabama,New Jersey
Mississippi,Mississippi
Missouri,Mississippi
Minnesota,Minnesota
Maryland,Delaware
West Virginia,Delaware
Minnesota,Ohio
Oregon,Washington
Mississippi,Mississippi
Oregon,Oregon
West Virginia,West Virginia
Iowa,Nebraska
Indiana,Iowa
Maryland,Pennsylvania
West Virginia,Vermont
Oregon,Oregon
Alaska,Alaska
West Virginia,Kentucky
West Virginia,Kentucky
Indiana,Michigan
Alabama,Mississippi
Iowa,Iowa
West Virginia,Delaware
Mississippi,Alabama
Oregon,Washington
Mississippi,Mississippi
Missouri,Kansas
Mississippi,Mississippi
Oregon,Oregon
Minnesota,Minnesota
Indiana,Michigan
Mississippi,Mississippi
Oregon,Montana
Oregon,Washington
Maryland,Alabama
Oregon,Washington
West Virginia,Ohio
Oregon,Oregon
Indiana,Oregon
Maryland,New Jersey
Iowa,Nebraska
Missouri,Arkansas
Mississippi,Virginia
Alabama,Alabama
Maryland,Delaware
West Virginia,Delaware
Indiana,Iowa
Oregon,California
Indiana,Ohio
Maryland,Maryland
Minnesota,Iowa
West Virginia,Missouri
Mississippi,Alabama
West Virginia,West Virginia
Mississippi,Mississippi
Missouri,Connecticut
Oregon,Oregon
Missouri,Missouri
Minnesota,Minnesota
Maryland,Maryland
Missouri,Alabama
West Virginia,Maryland
Alabama,Alabama
Iowa,Kansas
Alaska,Alaska
Alabama,Alabama
Alabama,Arkansas
Alabama,Mississippi
West Virginia,West Virginia
Iowa,Iowa
Alaska,Washington
Alabama,Michigan
Alaska,Alaska
Mississippi,Mississippi
West Virginia,West Virginia
Maryland,Maryland
West Virginia,Ohio
West Virginia,Ohio
Indiana,Ohio
Minnesota,North Dakota
Iowa,Iowa
Alabama,Indiana
Oregon,California
Indiana,Delaware
Iowa,Iowa
Oregon,Oregon
West Virginia,West Virginia
Iowa,Illinois
Maryland,Pennsylvania
West Virginia,Delaware
Missouri,Nebraska
Mississippi,Mississippi
Iowa,Iowa
Missouri,Pennsylvania
Mississippi,Alabama
Iowa,Iowa
Minnesota,North Dakota
Missouri,Oklahoma
West Virginia,Tennessee
Iowa,Iowa
West Virginia,Delaware
Missouri,Tennessee
Alaska,Alaska
West Virginia,Tennessee
Alabama,Mississippi
Mississippi,Mississippi
Alaska,Washington
Minnesota,Virginia
Indiana,New Jersey
West Virginia,Pennsylvania
Oregon,Washington
Oregon,Oregon
Minnesota,West Virginia
Minnesota,Ohio
Iowa,Nebraska
Iowa,Illinois
Mississippi,Mississippi
Minnesota,Iowa
Alabama,Alabama
Alaska,Alaska
West Virginia,West Virginia
Alaska,Washington
Alaska,Washington
Alabama,Indiana
West Virginia,West Virginia
West Virginia,Ohio
Alaska,Alaska
Iowa,Iowa
Alabama,North Carolina
Oregon,Idaho
Mississippi,South Carolina
Oregon,Oregon
Alaska,Washington
Iowa,Oklahoma
West Virginia,Tennessee
Alabama,Mississippi
Missouri,Missouri
West Virginia,Indiana
Missouri,Mississippi
Missouri,Missouri
Minnesota,North Dakota
Maryland,Maryland
Alaska,Alaska
Oregon,Washington
Missouri,Connecticut
Indiana,Illinois
Minnesota,Iowa
West Virginia,West Virginia
Indiana,Michigan
Missouri,Mississippi
Indiana,Kentucky
Missouri,Maryland
Indiana,New Jersey
Alabama,Tennessee
Indiana,Texas
Oregon,Oregon
Maryland,Pennsylvania
Alabama,Indiana
Alabama,Ohio
Alabama,North Carolina
Oregon,Oregon
Maryland,Pennsylvania
Iowa,Iowa
Alaska,Alaska
Iowa,Nebraska
Minnesota,Minnesota
Indiana,Ohio
Alabama,Mississippi
West Virginia,Delaware
Mississippi,Mississippi
Minnesota,Vermont
Mississippi,North Carolina
Minnesota,North Dakota
Mississippi,Mississippi
Alaska,Washington
Minnesota,Minnesota
Maryland,New York
Alabama,Mississippi
Alaska,Washington
Maryland,Virginia
Indiana,Connecticut
Iowa,Iowa
Oregon,Washington
Mississippi,Alabama
Maryland,Pennsylvania
Alaska,Washington
Maryland,Pennsylvania
West Virginia,West Virginia
Minnesota,Wisconsin
Oregon,Washington
Missouri,Missouri
Alabama,Mississippi
Oregon,Washington
Missouri,Wyoming
Minnesota,North Dakota
Oregon,Washington
Maryland,Delaware
Alaska,Alaska
Indiana,Ohio
Missouri,Ohio
Indiana,Ohio
Maryland,Pennsylvania
Iowa,Iowa
Oregon,Washington
Maryland,Maryland
Missouri,Kentucky
Alabama,Delaware
Minnesota,North Dakota
Missouri,Delaware
West Virginia,Indiana
West Virginia,West Virginia
Missouri,South Dakota
Minnesota,Iowa
Mississippi,Alabama
Alabama,Mississippi
Mississippi,Alabama
Iowa,Illinois
Oregon,Washington
Alabama,Arkansas
Oregon,Washington
Iowa,Nebraska
Iowa,Wisconsin
Maryland,Delaware
Indiana,Illinois
Minnesota,North Dakota
Iowa,Nebraska
Minnesota,Minnesota
Alaska,Washington
Minnesota,Wisconsin
Minnesota,Iowa
Alaska,Washington
Iowa,Iowa
Alaska,Alaska
Maryland,Maryland
Iowa,Nebraska
Mississippi,Mississippi
West Virginia,West Virginia
Oregon,Idaho
West Virginia,Pennsylvania
Alabama,Arkansas
Indiana,Illinois
Maryland,New Jersey
Alabama,Arkansas
Alabama,Alabama
Mississippi,Mississippi
Minnesota,Wisconsin
Mississippi,Mississippi
Mississippi,Mississippi
Mississippi,Mississippi
Missouri,Mississippi
Mississippi,Alabama
Alabama,Alabama
Oregon,Oregon
Alabama,North Carolina
Oregon,California
Alaska,Washington
Alabama,Texas
Missouri,Oregon
Oregon,Washington
West Virginia,West Virginia
West Virginia,West Virginia
West Virginia,West Virginia
Maryland,North Carolina
West Virginia,North Carolina
Indiana,Iowa
Minnesota,Wisconsin
Alabama,Alabama
West Virginia,Vermont
Iowa,Iowa
Minnesota,Iowa
Oregon,Washington
Maryland,Delaware
Alabama,Mississippi
Missouri,Illinois
Maryland,Maryland
Missouri,Missouri
Alabama,North Carolina
Oregon,Oregon
Oregon,Oregon
Missouri,Mississippi
Mississippi,Mississippi
Missouri,Missouri
Iowa,Illinois
Oregon,Washington
Alaska,Alaska
Mississippi,Alabama
Minnesota,Missouri
Maryland,Maryland
Iowa,Iowa
Alabama,Alabama
Oregon,Oregon
West Virginia,Wisconsin
Minnesota,Pennsylvania
West Virginia,West Virginia
West Virginia,West Virginia
Alabama,Nebraska
Minnesota,Minnesota
Minnesota,Iowa
Indiana,Florida
Minnesota,Wisconsin
Iowa,Minnesota
Iowa,Nebraska
Indiana,Ohio
Missouri,Oklahoma
Iowa,Iowa
Minnesota,South Dakota
Mississippi,Alabama
Alaska,Washington
Iowa,Michigan
Iowa,Kansas
Iowa,Minnesota
Iowa,Iowa
Alabama,Minnesota
Indiana,Pennsylvania
Alaska,Alaska
Oregon,Washington
Mississippi,Mississippi
Missouri,Missouri
West Virginia,Pennsylvania
Alaska,Washington
Iowa,Nebraska
Minnesota,Minnesota
Maryland,Maryland
Oregon,Washington
Oregon,Washington
Alabama,Mississippi
Oregon,Washington
Mississippi,Alabama
Maryland,North Carolina
Missouri,Iowa
Iowa,Iowa
Alabama,North Carolina
Indiana,Michigan
West Virginia,West Virginia
Alaska,Washington
Indiana,Ohio
Minnesota,Nebraska
Maryland,Maryland
West Virginia,Kentucky
Oregon,Washington
Iowa,Arkansas
Alaska,Washington
Iowa,Iowa
Oregon,Washington
Minnesota,Minnesota
Alaska,Washington
West Virginia,Ohio
Iowa,Nebraska
Alaska,Alaska
Maryland,New York
Mississippi,Washington
Indiana,Michigan
Maryland,Ohio
Alaska,Alaska
Missouri,Oklahoma
Mississippi,Mississippi
Mississippi,Alabama
Missouri,Missouri
Iowa,Iowa
West Virginia,Vermont
Mississippi,Tennessee
Maryland,District of Columbia
Indiana,Michigan
Alabama,Mississippi
Missouri,Oklahoma
Indiana,Delaware
West Virginia,West Virginia
West Virginia,Tennessee
Mississippi,North Carolina
Minnesota,Nebraska
Oregon,Washington
Missouri,Nebraska
Indiana,Michigan
Mississippi,Mississippi
Alaska,Maine
Alabama,Texas
Alabama,Oklahoma
Iowa,Iowa
West Virginia,Tennessee
Minnesota,Minnesota
Iowa,Iowa
Oregon,Oregon
Alaska,Washington
Maryland,Delaware
Missouri,Ohio
Maryland,New Jersey
Indiana,Delaware
Alaska,Washington
Minnesota,Minnesota
Mississippi,Alabama
Alaska,Alaska
Maryland,Pennsylvania
Oregon,Washington
Alaska,Washington
Missouri,Connecticut
Oregon,Washington
Missouri,Ohio
Minnesota,North Dakota
Maryland,North Carolina
Iowa,Iowa
West Virginia,West Virginia
Iowa,Iowa
Alaska,Alaska
Alaska,Alaska
Mississippi,South Carolina
Indiana,Delaware
Missouri,Mississippi
Minnesota,Iowa
Indiana,Kansas
Alabama,Alabama
West Virginia,West Virginia
Alaska,Washington
West Virginia,Virginia
West Virginia,Pennsylvania
Indiana,Delaware
Minnesota,North Dakota
Alaska,Alaska
Alabama,Alabama
Iowa,Iowa
Oregon,Washington
West Virginia,Alabama
Maryland,Maryland
West Virginia,West Virginia
West Virginia,West Virginia
Alabama,Alabama
Missouri,Illinois
Iowa,Kansas
Minnesota,Illinois
Maryland,Maryland
Minnesota,New Jersey
Minnesota,South Dakota
Minnesota,Iowa
Iowa,Nebraska
West Virginia,Ohio
Iowa,Illinois
Alabama,Michigan
Mississippi,Mississippi
Alaska,Alaska
Oregon,Washington
Indiana,Pennsylvania
Mississippi,Mississippi
Alabama,Arkansas
Alaska,Alaska
Alabama,North Carolina
Indiana,Illinois
Alaska,Washington
Alaska,Washington
Alaska,Alaska
Mississippi,Louisiana
Mississippi,Alabama
Minnesota,South Dakota
Alaska,Alaska
Alaska,Alaska
Minnesota,Missouri
Missouri,Oklahoma
Minnesota,Minnesota
Alaska,Washington
Oregon,Washington
Minnesota,Minnesota
Iowa,Iowa
Mississippi,Mississippi
West Virginia,Pennsylvania
Oregon,Washington
Minnesota,North Dakota
Alabama,Minnesota
Oregon,Washington
Indiana,Michigan
Maryland,Maryland
Indiana,Illinois
Alabama,Nebraska
Indiana,Michigan
Minnesota,Texas
Oregon,Washington
Alaska,Washington
Oregon,Oregon
Mississippi,Virginia
Oregon,Oregon
Missouri,Kentucky
Indiana,Ohio
Mississippi,Mississippi
Maryland,New Jersey
Alaska,Washington
Alabama,Oklahoma
Missouri,Missouri
Mississippi,Mississippi
Indiana,Kentucky
Oregon,Washington
Alaska,Alaska
Alabama,Mississippi
Indiana,Delaware
Mississippi,Mississippi
Indiana,Ohio
Mississippi,Mississippi
Alaska,Alaska
Oregon,Idaho
Mississippi,Alabama
Maryland,Maryland
Maryland,Maryland
Iowa,South Dakota
Maryland,Maryland
Mississippi,Alabama
Minnesota,Wisconsin
Missouri,Kansas
Minnesota,Minnesota
Iowa,Kansas
Oregon,Oregon
Iowa,Iowa
Indiana,Kentucky
West Virginia,South Carolina
Iowa,Illinois
Mississippi,Mississippi
Alaska,Alaska
Alabama,Arkansas
Indiana,Indiana
Mississippi,Mississippi
Alabama,Mississippi
Alaska,Washington
Maryland,Maryland
Mississippi,Alabama
Iowa,Iowa
Iowa,Iowa
Minnesota,South Dakota
Oregon,Washington
West Virginia,West Virginia
Alaska,Washington
Oregon,Oregon
West Virginia,Ohio
West Virginia,Kentucky
Indiana,Michigan
Alabama,Mississippi
Maryland,Maryland
Alaska,Alaska
Alaska,Washington
Iowa,Iowa
Iowa,Iowa
Minnesota,Wisconsin
Iowa,Iowa
Missouri,Illinois
Maryland,New Jersey
Alabama,Alabama
Oregon,Washington
Oregon,Washington
Indiana,Ohio
Alabama,Georgia
Minnesota,South Dakota
Indiana,Michigan
Oregon,Washington
West Virginia,Illinois
Alaska,Washington
Maryland,Connecticut
Maryland,Virginia
West Virginia,West Virginia
Oregon,Washington
Missouri,Mississippi
Mississippi,Louisiana
Indiana,Delaware
Maryland,Maryland
Alaska,Alaska
Missouri,Oregon
Alaska,Washington
Maryland,Maryland
Maryland,Maryland
Indiana,Alabama
Oregon,Washington
Iowa,Iowa
Alabama,Mississippi
Alaska,Alaska
Minnesota,West Virginia
Iowa,Illinois
Iowa,South Dakota
Missouri,Mississippi
West Virginia,West Virginia
Indiana,Michigan
West Virginia,Vermont
Maryland,Maryland
Alaska,Alaska
Iowa,Kansas
Maryland,Indiana
Iowa,Nebraska
Indiana,Iowa
Missouri,Illinois
Indiana,Ohio
West Virginia,Iowa
Alaska,Washington
Missouri,Oklahoma
West Virginia,West Virginia
Oregon,Oregon
Alabama,Mississippi
Alaska,Washington
Iowa,Iowa
Mississippi,Louisiana
West Virginia,Ohio
Indiana,Illinois
Maryland,Delaware
Indiana,Delaware
Indiana,Illinois
Mississippi,Alabama
Missouri,Ohio
Indiana,Maryland
Indiana,North Carolina
Minnesota,North Dakota
Indiana,Connecticut
Alabama,Alabama
Iowa,Iowa
Alabama,New Jersey
Maryland,New Jersey
Missouri,Mississippi
Alabama,Minnesota
Alabama,North Carolina
Oregon,Oregon
Indiana,Illinois
Alaska,Alaska
Maryland,Pennsylvania
Mississippi,Mississippi
Minnesota,Michigan
West Virginia,West Virginia
Oregon,Washington
Oregon,Oregon
Alaska,Alaska
Missouri,Oklahoma
Alabama,Mississippi
Mississippi,South Carolina
Alabama,North Carolina
Mississippi,Texas
Minnesota,Minnesota
Missouri,Mississippi
Alaska,Washington
Missouri,West Virginia
Alabama,Arkansas
Oregon,Oregon
Alabama,Alabama
Alaska,Alaska
Missouri,Mississippi
Alabama,Alabama
West Virginia,Ohio
West Virginia,Pennsylvania
Alabama,Alabama
Maryland,Pennsylvania
Oregon,Washington
West Virginia,West Virginia
Alaska,Washington
Iowa,Iowa
Minnesota,Minnesota
Maryland,Maryland
West Virginia,Alabama
West Virginia,West Virginia
Minnesota,North Dakota
Alaska,Washington
Oregon,Washington
Alabama,Alabama
Mississippi,North Carolina
Indiana,Nebraska
Missouri,Oklahoma
Missouri,Missouri
Oregon,Oregon
Iowa,Iowa
Missouri,Tennessee
Oregon,Washington
Mississippi,Mississippi
Iowa,Iowa
Mississippi,Mississippi
Indiana,Kansas
Alabama,Arkansas
West Virginia,West Virginia
Alabama,Mississippi
Indiana,Iowa
Indiana,Illinois
Oregon,Idaho
West Virginia,Pennsylvania
Missouri,West Virginia
Maryland,New Jersey
Alabama,Delaware
Indiana,Kentucky
Maryland,Indiana
Alabama,Mississippi
Minnesota,North Dakota
Oregon,Washington
West Virginia,Pennsylvania
Mississippi,Alabama
Indiana,Ohio
Oregon,Washington
West Virginia,Delaware
Missouri,Missouri
Indiana,Illinois
Mississippi,Mississippi
Maryland,Maryland
Alabama,North Carolina
Iowa,Iowa
Alabama,Mississippi
West Virginia,Indiana
Alaska,Alaska
Indiana,Pennsylvania
Iowa,Iowa
Missouri,Mississippi
Oregon,Oregon
Minnesota,Pennsylvania
Alaska,Washington
Iowa,Iowa
Oregon,Washington
Alaska,Alaska
Alaska,Washington
Oregon,Washington
West Virginia,Michigan
Minnesota,Minnesota
Alabama,Mississippi
Minnesota,North Dakota
Alabama,Mississippi
Maryland,Maryland
Minnesota,Delaware
Minnesota,South Dakota
Oregon,Washington
Alaska,Washington
Maryland,New Jersey
Alabama,North Carolina
Minnesota,Illinois
Maryland,Virginia
Alabama,North Carolina
Indiana,Virginia
Maryland,Maryland
Minnesota,Iowa
Minnesota,North Dakota
Alaska,Alaska
Maryland,Maryland
Alabama,Alabama
Mississippi,Mississippi
Indiana,Illinois
Minnesota,Maine
West Virginia,West Virginia
Maryland,Maryland
Alabama,North Carolina
Missouri,Mississippi
Alabama,Arkansas
Missouri,Oklahoma
Alabama,Kentucky
Maryland,Ohio
Maryland,Pennsylvania
Iowa,Iowa
West Virginia,Ohio
Mississippi,Mississippi
Maryland,Maryland
Alaska,Alaska
Alaska,Alaska
West Virginia,Maryland
Indiana,Delaware
Mississippi,Arkansas
Indiana,West Virginia
Missouri,Oklahoma
Alabama,Oklahoma
Iowa,Minnesota
Missouri,Pennsylvania
Mississippi,Mississippi
Iowa,Iowa
Iowa,Iowa
Maryland,Pennsylvania
West Virginia,Ohio
Oregon,Washington
Indiana,Kansas
Alaska,Alaska
Maryland,Kentucky
Indiana,Ohio
Iowa,Nebraska
Oregon,Oregon
Maryland,New Jersey
Iowa,Nebraska
Minnesota,Pennsylvania
West Virginia,Ohio
Maryland,Maryland
Maryland,Maryland
Iowa,Iowa
Alaska,Alaska
Mississippi,Mississippi
Indiana,Illinois
Alaska,Alaska
Oregon,Washington
Alabama,Arkansas
Oregon,Washington
Missouri,Oklahoma
Missouri,Mississippi
Iowa,Minnesota
Indiana,New Jersey
Alaska,Alaska
Missouri,Oklahoma
West Virginia,Maine
Indiana,Kentucky
West Virginia,Ohio
West Virginia,Ohio
Maryland,Maryland
Iowa,Illinois
Indiana,Nebraska
Maryland,Maryland
Oregon,Oregon
Minnesota,North Dakota
Missouri,Missouri
Alabama,Mississippi
Indiana,Delaware
Mississippi,Mississippi
Minnesota,Iowa
Minnesota,Minnesota
Minnesota,Illinois
West Virginia,Ohio
Maryland,Maryland
Missouri,Mississippi
Iowa,Iowa
Oregon,Washington
Indiana,Illinois
Minnesota,Colorado
Indiana,Michigan
West Virginia,West Virginia
Indiana,Ohio
Mississippi,Mississippi
Alabama,Alabama
Minnesota,Minnesota
Mississippi,Mississippi
Minnesota,North Dakota
Mississippi,Mississippi
West Virginia,West Virginia
Mississippi,Mississippi
Maryland,Maryland
Alaska,Alaska
Maryland,Maryland
Alaska,Alaska
Minnesota,Vermont
Maryland,North Carolina
Mississippi,Alabama
Oregon,Washington
Iowa,Illinois
Indiana,Illinois
Mississippi,Mississippi
Oregon,Oregon
Mississippi,South Carolina
Indiana,Nebraska
Missouri,Ohio
Mississippi,Mississippi
Oregon,Rhode Island
Missouri,Mississippi
Alaska,Alaska
Minnesota,North Dakota
Iowa,Nebraska
Oregon,Washington
Maryland,District of Columbia
Indiana,Nebraska
Missouri,West Virginia
Minnesota,South Dakota
Maryland,Delaware
Missouri,Mississippi
Oregon,Oregon
Missouri,Mississippi
Mississippi,Mississippi
Maryland,Delaware
North Dakota,North Dakota
Wyoming,Idaho
Arkansas,Mississippi
Virginia,West Virginia
Texas,Texas
Virginia,North Carolina
New York,Connecticut
New Jersey,New York
Wisconsin,Iowa
Oklahoma,Arkansas
New York,Pennsylvania
Oklahoma,Missouri
Texas,Texas
Texas,Texas
New York,New Jersey
Texas,Texas
Arkansas,Arkansas
New Jersey,New Jersey
Pennsylvania,Pennsylvania
Pennsylvania,Pennsylvania
Wyoming,Wyoming
Florida,Texas
New Jersey,New Jersey
Texas,Texas
New Jersey,New Jersey
New Jersey,New York
Wyoming,Idaho
Oklahoma,Missouri
Texas,Texas
Oklahoma,Oklahoma
Virginia,Maryland
New Jersey,New Jersey
New York,New Jersey
Pennsylvania,Pennsylvania
Wisconsin,Iowa
New York,New York
Florida,Florida
Texas,Texas
Pennsylvania,Kentucky
Oklahoma,Oklahoma
North Dakota,North Dakota
Florida,South Carolina
Oklahoma,Texas
Virginia,West Virginia
Pennsylvania,Delaware
New York,New York
New Jersey,New Jersey
Texas,Texas
Wisconsin,Montana
North Dakota,Illinois
New Jersey,New Jersey
Pennsylvania,Pennsylvania
Florida,Florida
Wyoming,Wyoming
New Jersey,New Jersey
New York,New York
Virginia,Delaware
Texas,Texas
North Dakota,South Dakota
Arkansas,Mississippi
Pennsylvania,Pennsylvania
North Dakota,North Dakota
Pennsylvania,Pennsylvania
New Jersey,New Jersey
Wyoming,Idaho
New Jersey,New Jersey
Pennsylvania,Pennsylvania
Pennsylvania,Kentucky
New Jersey,Delaware
Texas,Texas
Virginia,North Carolina
North Dakota,South Dakota
New York,New York
Arkansas,Mississippi
Texas,Florida
Virginia,West Virginia
Texas,Texas
New Jersey,Maine
Arkansas,Mississippi
Wyoming,Idaho
New York,New York
Florida,Florida
New Jersey,New York
Virginia,Connecticut
Wyoming,Wyoming
New York,New York
North Dakota,Montana
Texas,Texas
Oklahoma,Oklahoma
Wyoming,Wyoming
Arkansas,Kentucky
Texas,Texas
Virginia,Virginia
Texas,Texas
New York,New York
Florida,North Carolina
New Jersey,New Jersey
Texas,Texas
Wyoming,Idaho
Wyoming,New Mexico
Wyoming,Wyoming
Wyoming,Idaho
Virginia,West Virginia
Oklahoma,Oklahoma
Wyoming,New Mexico
Florida,Florida
New York,New York
Arkansas,Indiana
Pennsylvania,Pennsylvania
New Jersey,New Jersey
Florida,Oklahoma
New York,New York
Florida,Florida
New Jersey,New York
Arkansas,Ohio
New York,New Jersey
North Dakota,North Dakota
Texas,Texas
New Jersey,New Jersey
New Jersey,New Jersey
New York,Vermont
Virginia,Louisiana
Virginia,Virginia
New Jersey,New Jersey
North Dakota,North Dakota
Pennsylvania,Pennsylvania
Pennsylvania,West Virginia
Wyoming,Idaho
North Dakota,North Dakota
Virginia,North Carolina
Texas,Texas
Texas,Texas
Virginia,Maryland
Oklahoma,Kansas
North Dakota,Iowa
New Jersey,New York
Florida,Florida
New York,New Jersey
Florida,South Carolina
Virginia,Maryland
Pennsylvania,Pennsylvania
North Dakota,North Dakota
Arkansas,Arkansas
Virginia,Maryland
Virginia,West Virginia
Oklahoma,Kansas
Arkansas,Ohio
Wisconsin,Vermont
Oklahoma,Oklahoma
Arkansas,Mississippi
Arkansas,Oklahoma
Wyoming,Idaho
Arkansas,Kansas
Pennsylvania,Wisconsin
New Jersey,New Jersey
Wyoming,Wyoming
Wyoming,Wyoming
Pennsylvania,Pennsylvania
New Jersey,Delaware
Pennsylvania,Ohio
Texas,Texas
Wyoming,Idaho
Virginia,Maryland
North Dakota,Oklahoma
Virginia,Tennessee
Florida,Florida
Virginia,Maryland
Virginia,Virginia
Florida,Florida
New York,District of Columbia
Wyoming,Wyoming
Wisconsin,Michigan
North Dakota,Nebraska
New Jersey,New York
Wyoming,Colorado
Arkansas,Arkansas
New York,New Jersey
Pennsylvania,Pennsylvania
Oklahoma,Arkansas
Wyoming,Idaho
Texas,Texas
New York,Connecticut
Virginia,North Carolina
Oklahoma,Kentucky
Pennsylvania,West Virginia
Florida,Florida
Florida,Florida
Texas,South Dakota
Wyoming,Wyoming
Wisconsin,Michigan
New Jersey,Pennsylvania
Virginia,South Carolina
Texas,South Carolina
New Jersey,District of Columbia
Arkansas,Mississippi
New York,New York
Wisconsin,Pennsylvania
New Jersey,New Jersey
New Jersey,New Jersey
Pennsylvania,Pennsylvania
New York,New Jersey
New York,New York
Florida,District of Columbia
Florida,Florida
Florida,Florida
Arkansas,Kansas
New Jersey,Minnesota
New Jersey,Connecticut
Texas,Texas
New York,New York
New York,New Jersey
Arkansas,Kentucky
North Dakota,North Dakota
Oklahoma,Nebraska
Pennsylvania,Pennsylvania
Florida,Florida
Texas,Texas
Wyoming,Colorado
New Jersey,New York
North Dakota,North Dakota
New Jersey,New Jersey
Oklahoma,Oklahoma
Virginia,Pennsylvania
New York,Connecticut
Pennsylvania,Pennsylvania
New Jersey,New Jersey
New York,New York
Virginia,Maryland
Wisconsin,Minnesota
Virginia,Delaware
Pennsylvania,Pennsylvania
Pennsylvania,Pennsylvania
Virginia,Pennsylvania
Virginia,North Carolina
Virginia,North Carolina
Arkansas,South Dakota
Florida,Florida
Virginia,District of Columbia
North Dakota,South Dakota
Florida,Colorado
Virginia,Virginia
Pennsylvania,Pennsylvania
Pennsylvania,Pennsylvania
Florida,Florida
Arkansas,Kansas
North Dakota,Michigan
New Jersey,Connecticut
Oklahoma,Oklahoma
Florida,South Carolina
Arkansas,Kentucky
Wyoming,Colorado
Oklahoma,Arkansas
New York,New York
Arkansas,Virginia
Arkansas,Texas
New York,New York
Wyoming,South Dakota
Pennsylvania,Tennessee
Florida,Florida
Florida,Florida
New York,New York
New Jersey,New Jersey
Florida,Florida
Florida,Florida
New Jersey,Pennsylvania
New Jersey,New York
Vermont,Pennsylvania
North Dakota,North Dakota
Florida,South Carolina
North Dakota,West Virginia
New Jersey,New Jersey
New Jersey,Connecticut
Texas,Texas
New Jersey,New York
Florida,Georgia
Oklahoma,Oklahoma
North Dakota,South Dakota
New Jersey,New York
North Dakota,North Dakota
New Jersey,New Jersey
Virginia,Maryland
Vermont,Indiana
Texas,Texas
North Dakota,South Dakota
Wyoming,Montana
Wyoming,Colorado
Wyoming,South Dakota
Pennsylvania,Pennsylvania
New Jersey,New Jersey
Florida,Florida
New Jersey,New York
Pennsylvania,Pennsylvania
North Dakota,South Dakota
Wyoming,South Dakota
Texas,Texas
Wyoming,Idaho
Oklahoma,Oklahoma
North Dakota,North Dakota
Virginia,Maryland
North Dakota,North Dakota
New York,New York
North Dakota,North Dakota
Wyoming,Wyoming
Florida,North Carolina
Pennsylvania,West Virginia
Oklahoma,Texas
Oklahoma,Oklahoma
North Dakota,North Dakota
Texas,Texas
Texas,Texas
Virginia,West Virginia
North Dakota,North Dakota
Texas,Texas
New York,New York
North Dakota,Nebraska
New York,New Jersey
Wyoming,Wyoming
New Jersey,New Jersey
New York,New Jersey
Virginia,Delaware
North Dakota,North Dakota
New York,Connecticut
Pennsylvania,Pennsylvania
Pennsylvania,Ohio
New York,Michigan
Arkansas,Michigan
Virginia,Virginia
Wyoming,Idaho
New Jersey,Connecticut
Arkansas,Mississippi
North Dakota,North Dakota
North Dakota,Nebraska
Pennsylvania,Ohio
New York,Illinois
Texas,Texas
Florida,Florida
North Dakota,North Dakota
Pennsylvania,Pennsylvania
Florida,Florida
New York,New York
North Dakota,North Dakota
Pennsylvania,Kentucky
Florida,Florida
Texas,Texas
Oklahoma,Oklahoma
Florida,Florida
North Dakota,North Dakota
Texas,Texas
Virginia,Virginia
Wisconsin,Wisconsin
Virginia,West Virginia
Wyoming,Wyoming
Pennsylvania,Kentucky
Pennsylvania,Pennsylvania
North Dakota,Illinois
Wyoming,Colorado
Pennsylvania,Pennsylvania
Pennsylvania,Ohio
Oklahoma,Mississippi
Arkansas,Mississippi
Arkansas,Kentucky
Arkansas,Illinois
Wyoming,Idaho
North Dakota,North Dakota
New York,Pennsylvania
Pennsylvania,Pennsylvania
Florida,Florida
Wisconsin,Minnesota
Pennsylvania,Pennsylvania
Pennsylvania,Pennsylvania
Virginia,Pennsylvania
Arkansas,North Carolina
Texas,Texas
Virginia,West Virginia
Florida,Florida
Virginia,Maryland
Texas,Texas
Texas,Texas
Florida,Florida
Texas,Texas
Virginia,Virginia
Wyoming,Wyoming
New York,New York
North Dakota,Iowa
New York,New York
Wyoming,Wyoming
Virginia,North Carolina
Wyoming,Wyoming
Arkansas,North Carolina
Arkansas,Mississippi
North Dakota,Nebraska
Texas,Texas
Texas,New Mexico
Virginia,West Virginia
Florida,Florida
Wisconsin,Minnesota
Oklahoma,Texas
New York,West Virginia
North Dakota,North Dakota
North Dakota,Maine
Pennsylvania,Pennsylvania
Wyoming,Utah
Texas,Texas
Florida,Florida
Virginia,North Carolina
Pennsylvania,Pennsylvania
North Dakota,North Dakota
New York,Vermont
Texas,Nebraska
New Jersey,New Jersey
Pennsylvania,West Virginia
Virginia,Pennsylvania
Virginia,Virginia
Oklahoma,Kansas
Pennsylvania,Ohio
Florida,South Carolina
Texas,Texas
Virginia,Maryland
Texas,Texas
New Jersey,New Jersey
New Jersey,New Jersey
Wisconsin,Connecticut
New York,New York
New Jersey,New Jersey
New Jersey,New Jersey
Texas,Texas
New York,Massachusetts
New York,New York
Arkansas,Mississippi
Florida,Florida
North Dakota,South Dakota
Oklahoma,Oklahoma
Arkansas,Virginia
Pennsylvania,Pennsylvania
Wyoming,Washington
Oklahoma,Arkansas
Wyoming,Wyoming
Arkansas,Mississippi
Wyoming,Idaho
Wyoming,South Dakota
North Dakota,North Dakota
Vermont,Pennsylvania
Virginia,Virginia
New York,Vermont
Virginia,North Carolina
Virginia,Virginia
Arkansas,Tennessee
Florida,Florida
Wyoming,Idaho
Florida,Florida
Arkansas,Mississippi
Pennsylvania,Tennessee
Wyoming,New Mexico
Arkansas,Mississippi
Virginia,North Carolina
Pennsylvania,Delaware
Florida,Kentucky
Florida,Oregon
Arkansas,Mississippi
New York,New York
Pennsylvania,Pennsylvania
Wyoming,Wyoming
Pennsylvania,West Virginia
North Dakota,Iowa
North Dakota,Illinois
North Dakota,South Dakota
Texas,Texas
Florida,Florida
Florida,Florida
Arkansas,Kentucky
Oklahoma,Oklahoma
Pennsylvania,Delaware
Texas,Texas
Wyoming,Colorado
Pennsylvania,Pennsylvania
Wyoming,Wyoming
Wyoming,Idaho
Wisconsin,Pennsylvania
Oklahoma,Arkansas
Arkansas,Mississippi
Wisconsin,Minnesota
Pennsylvania,Ohio
Oklahoma,Oklahoma
Arkansas,Kentucky
Texas,Texas
Wyoming,Wyoming
Virginia,North Carolina
Arkansas,Mississippi
Florida,New Jersey
Wyoming,Wyoming
Pennsylvania,California
Pennsylvania,Tennessee
Vermont,Vermont
Oklahoma,Oklahoma
Virginia,Virginia
Texas,Texas
North Dakota,Nebraska
Texas,Texas
New York,Massachusetts
Pennsylvania,Ohio
New York,New York
North Dakota,Oklahoma
Oklahoma,Kansas
Oklahoma,Oklahoma
Texas,Delaware
Pennsylvania,Tennessee
New York,Connecticut
New Jersey,Connecticut
Pennsylvania,Pennsylvania
Wyoming,Oregon
North Dakota,North Dakota
Virginia,West Virginia
Arkansas,Ohio
New Jersey,New Jersey
Wyoming,Idaho
Vermont,Pennsylvania
North Dakota,North Dakota
Texas,Texas
New York,Washington
Florida,Florida
New Jersey,New Jersey
North Dakota,North Dakota
Florida,Florida
New Jersey,New Jersey
Vermont,Pennsylvania
Wyoming,Colorado
Virginia,West Virginia
Arkansas,Mississippi
Oklahoma,Kentucky
Arkansas,Missouri
Pennsylvania,Pennsylvania
Virginia,North Carolina
Texas,Texas
Florida,District of Columbia
Oklahoma,Oklahoma
Wyoming,South Dakota
Texas,Texas
Arkansas,Virginia
Virginia,Maryland
New York,New York
Florida,Florida
North Dakota,North Dakota
North Dakota,Nebraska
Pennsylvania,West Virginia
New Jersey,New Jersey
Arkansas,Kentucky
Wyoming,Wyoming
New York,Connecticut
New York,New York
Oklahoma,Oklahoma
Texas,Texas
Pennsylvania,Pennsylvania
Texas,Texas
New York,New York
New Jersey,South Carolina
Arkansas,Mississippi
North Dakota,North Dakota
Texas,Texas
Vermont,Pennsylvania
Arkansas,Mississippi
Pennsylvania,Pennsylvania
Florida,Maryland
Pennsylvania,Delaware
New Jersey,Connecticut
North Dakota,North Dakota
Oklahoma,Arkansas
Wisconsin,Virginia
New Jersey,Delaware
Pennsylvania,West Virginia
New Jersey,New Jersey
Wyoming,Wyoming
Florida,North Carolina
Oklahoma,Texas
Florida,Colorado
Texas,Texas
Arkansas,Mississippi
Arkansas,Virginia
North Dakota,Nebraska
Wyoming,Wyoming
Arkansas,Virginia
Arkansas,Ohio
Texas,Texas
Florida,Florida
Texas,Texas
North Dakota,Nebraska
Pennsylvania,Pennsylvania
North Dakota,South Dakota
Wyoming,Wyoming
Wisconsin,Wisconsin
Texas,Texas
Texas,Texas
Pennsylvania,Tennessee
Pennsylvania,Pennsylvania
New Jersey,New Jersey
Texas,Texas
Arkansas,Alabama
Arkansas,Mississippi
Texas,Texas
Florida,Florida
North Dakota,California
Arkansas,Ohio
New York,New York
Wyoming,Colorado
North Dakota,South Dakota
Florida,Florida
North Dakota,Montana
Oklahoma,Kansas
New York,Connecticut
New York,New York
Texas,Texas
Virginia,North Carolina
Texas,Texas
Pennsylvania,West Virginia
Oklahoma,Texas
Pennsylvania,Pennsylvania
Oklahoma,Oklahoma
New Jersey,New Jersey
Arkansas,Oklahoma
Florida,Florida
North Dakota,North Dakota
New Jersey,District of Columbia
Florida,New Jersey
New York,Vermont
North Dakota,North Dakota
Pennsylvania,Ohio
Wyoming,New Mexico
Wyoming,Wyoming
New Jersey,New York
North Dakota,North Dakota
Pennsylvania,Ohio
New York,New York
Wyoming,Wyoming
Virginia,Delaware
New Jersey,New Jersey
Pennsylvania,Vermont
Arkansas,Ohio
New Jersey,New Jersey
New York,New York
Florida,North Carolina
Pennsylvania,Tennessee
New York,New York
Arkansas,Arkansas
Virginia,North Carolina
Arkansas,Mississippi
Arkansas,Mississippi
Pennsylvania,Ohio
Florida,South Carolina
Texas,Texas
North Dakota,Nebraska
Virginia,Missouri
New Jersey,New Jersey
Florida,Florida
North Dakota,South Dakota
Oklahoma,Oklahoma
Virginia,Mississippi
Texas,Texas
Virginia,North Carolina
New Jersey,New York
Wyoming,South Dakota
Pennsylvania,Pennsylvania
North Dakota,North Dakota
Oklahoma,Oklahoma
Florida,Florida
New York,Connecticut
New Jersey,New Jersey
Texas,Texas
New Jersey,District of Columbia
Virginia,Delaware
Arkansas,Kansas
Wyoming,Idaho
Wyoming,Wyoming
Arkansas,Virginia
Pennsylvania,Ohio
Virginia,District of Columbia
New York,Wisconsin
New Jersey,New Jersey
North Dakota,North Dakota
Florida,Florida
New Jersey,New Jersey
North Dakota,South Dakota
North Dakota,Iowa
New York,Ohio
Florida,Florida
North Dakota,North Dakota
Pennsylvania,Ohio
Arkansas,Oklahoma
Virginia,Alabama
New Jersey,New Jersey
Arkansas,Virginia
Pennsylvania,Pennsylvania
Pennsylvania,West Virginia
Oklahoma,Missouri
Wyoming,Colorado
Virginia,Maryland
Pennsylvania,Pennsylvania
Texas,Texas
North Dakota,Arkansas
North Dakota,Nebraska
Wyoming,Wyoming
Oklahoma,Kansas
Wyoming,Wyoming
Arkansas,Oklahoma
Pennsylvania,Pennsylvania
Wyoming,Idaho
Florida,Florida
Arkansas,Ohio
Virginia,Delaware
Oklahoma,Nebraska
Florida,Florida
Arkansas,Mississippi
New York,New York
Wyoming,Wyoming
Florida,Florida
Arkansas,Kentucky
Florida,Florida
New York,Rhode Island
Virginia,North Carolina
Wyoming,Idaho
Pennsylvania,Ohio
Wyoming,Idaho
New York,Connecticut
Wyoming,Wyoming
Texas,New Mexico
Wyoming,Utah
New Jersey,New York
Florida,South Carolina
Oklahoma,Oklahoma
Virginia,West Virginia
Arkansas,Mississippi
Oklahoma,Oklahoma
Oklahoma,Missouri
Pennsylvania,Pennsylvania
New York,Michigan
Arkansas,Mississippi
Virginia,Tennessee
Arkansas,Mississippi
New Jersey,New Jersey
Pennsylvania,Pennsylvania
Arkansas,Kentucky
Wyoming,Wyoming
New Jersey,New Jersey
Virginia,North Carolina
Florida,Florida
Virginia,Virginia
Florida,Florida
Wyoming,Idaho
Texas,Texas
New Jersey,New Jersey
Texas,New Mexico
Pennsylvania,Delaware
Oklahoma,Kansas
Florida,Florida
New Jersey,New Jersey
Florida,Maryland
Texas,Texas
Oklahoma,Missouri
Florida,Florida
Oklahoma,Oklahoma
Virginia,Maryland
North Dakota,Nebraska
Florida,Texas
Arkansas,Kentucky
Texas,Texas
Virginia,North Carolina
Florida,Florida
Florida,Florida
Arkansas,Ohio
Virginia,Maryland
Florida,South Carolina
Florida,Florida
New York,New York
Arkansas,Kansas
New York,Michigan
Arkansas,Mississippi
New Jersey,New Jersey
New York,New York
New Jersey,New Jersey
Virginia,Virginia
Virginia,North Carolina
Texas,Colorado
Virginia,Virginia
North Dakota,South Dakota
North Dakota,Iowa
Wyoming,Wyoming
Oklahoma,Oklahoma
Wyoming,Idaho
Texas,Texas
North Dakota,North Dakota
Virginia,Maryland
New Jersey,New Jersey
Florida,Florida
New York,Vermont
North Dakota,North Dakota
Texas,Texas
New York,Connecticut
Virginia,Virginia
New York,New York
Texas,Oklahoma
Texas,Texas
North Dakota,North Dakota
Texas,Texas
New Jersey,New York
Texas,Maryland
Texas,Texas
North Dakota,North Dakota
North Dakota,Nebraska
Virginia,North Carolina
North Dakota,North Dakota
Oklahoma,Kansas
North Dakota,Illinois
Oklahoma,Oklahoma
Florida,Florida
New Jersey,New York
Texas,Oklahoma
North Dakota,North Dakota
New York,Delaware
Oklahoma,Arkansas
Arkansas,Ohio
Pennsylvania,Pennsylvania
New Jersey,New Jersey
Pennsylvania,Ohio
New Jersey,New Jersey
New York,New Jersey
Pennsylvania,Delaware
Virginia,Maryland
Arkansas,Mississippi
Florida,Florida
New York,District of Columbia
New Jersey,New Jersey
Virginia,North Carolina
Florida,Florida
Arkansas,Oklahoma
Oklahoma,Kansas
Arkansas,Kansas
Arkansas,Mississippi
Oklahoma,Oklahoma
Texas,Texas
Texas,Texas
Virginia,Mississippi
Texas,Texas
Arkansas,Connecticut
Texas,South Carolina
New Jersey,New Jersey
Pennsylvania,Delaware
Wyoming,Idaho
North Dakota,North Dakota
Florida,North Carolina
Wyoming,Colorado
Texas,Texas
Virginia,Maryland
North Dakota,North Dakota
New York,New York
New York,New Jersey
New York,Delaware
North Dakota,South Dakota
Arkansas,Connecticut
Oklahoma,Arkansas
Arkansas,Mississippi
Pennsylvania,Pennsylvania
Wyoming,Wyoming
Wisconsin,Illinois
Oklahoma,Arkansas
North Dakota,South Dakota
Texas,Virginia
North Dakota,North Dakota
Florida,Florida
Oklahoma,Oklahoma
Pennsylvania,Pennsylvania
Virginia,Delaware
Wyoming,Wyoming
Arkansas,Connecticut
Wyoming,Utah
Virginia,Alabama
Pennsylvania,West Virginia
New Jersey,New York
Pennsylvania,Maryland
New York,New Jersey
Florida,Florida
New York,New Jersey
Virginia,Maryland
Arkansas,Mississippi
Wyoming,Idaho
North Dakota,North Dakota
Florida,Florida
Wyoming,Wyoming
Virginia,North Carolina
Oklahoma,Oklahoma
Florida,Alabama
Texas,Nebraska
Oklahoma,South Dakota
New Jersey,New Jersey
New York,New York
Wyoming,Wyoming
Wyoming,Wyoming
Texas,Texas
Pennsylvania,Ohio
New York,Connecticut
Arkansas,Oklahoma
North Dakota,North Dakota
Virginia,West Virginia
Oklahoma,Texas
Texas,Texas
Texas,Texas
Oklahoma,Oklahoma
Arkansas,Ohio
Arkansas,Ohio
New Jersey,New Jersey
Oklahoma,Arkansas
Arkansas,Texas
Arkansas,Arkansas
Florida,Florida
New York,New York
New York,Connecticut
Florida,Florida
New Jersey,New Jersey
Arkansas,Mississippi
Oklahoma,Nebraska
New York,New Jersey
Wyoming,Utah
Wisconsin,Arkansas
Virginia,Kentucky
North Dakota,North Dakota
New Jersey,Delaware
New Jersey,New Jersey
New York,New York
Wisconsin,Nebraska
New York,New Jersey
Florida,California
Wyoming,Idaho
Oklahoma,Oklahoma
Oklahoma,Missouri
New York,New York
New York,Connecticut
Texas,New Mexico
Texas,Texas
Virginia,Virginia
Arkansas,Mississippi
Wyoming,Wyoming
Virginia,West Virginia
Oklahoma,Arkansas
Arkansas,Mississippi
Arkansas,Kentucky
New York,New York
Virginia,North Carolina
Florida,Florida
Florida,Florida
Pennsylvania,West Virginia
Texas,Texas
Arkansas,Virginia
Arkansas,Alabama
New Jersey,New Jersey
New Jersey,New Jersey
Arkansas,Arkansas
New Jersey,New Jersey
North Dakota,Iowa
Oklahoma,Oklahoma
Wisconsin,Wisconsin
North Dakota,North Dakota
Wyoming,Colorado
New York,New York
New Jersey,New Jersey
Texas,South Dakota
North Dakota,Montana
Florida,Florida
Wyoming,Wyoming
Florida,California
New York,New York
Arkansas,Virginia
North Dakota,Nebraska
Oklahoma,Kansas
Virginia,Virginia
Wyoming,Idaho
New York,New York
Texas,Texas
Florida,Florida
New York,New Jersey
Oklahoma,Oklahoma
New York,Pennsylvania
Virginia,Virginia
Arkansas,Mississippi
New Jersey,New Jersey
Virginia,Delaware
North Dakota,Arkansas
Pennsylvania,West Virginia
Pennsylvania,District of Columbia
Pennsylvania,Kentucky
Pennsylvania,Pennsylvania
Florida,Florida
Wyoming,Colorado
Wyoming,Wyoming
New York,New York
Virginia,Virginia
Wyoming,Wyoming
Texas,Texas
Wyoming,Wyoming
New Jersey,New Jersey
New Jersey,New Jersey
Wyoming,Wyoming
New York,New York
North Dakota,Montana
Kansas,Iowa
Rhode Island,Connecticut
Louisiana,Louisiana
Utah,New Mexico
Hawaii,Delaware
Hawaii,Hawaii
Utah,Wyoming
Hawaii,Hawaii
Wisconsin,Iowa
Kentucky,Kentucky
Kansas,Kansas
Wisconsin,Pennsylvania
Louisiana,Louisiana
Louisiana,Louisiana
Rhode Island,Connecticut
Hawaii,Hawaii
Utah,Utah
Kentucky,Tennessee
Wisconsin,Wisconsin
Rhode Island,Massachusetts
Hawaii,Hawaii
Utah,New Mexico
Wisconsin,Iowa
Kentucky,Ohio
Kansas,Illinois
Nebraska,Nebraska
Louisiana,Louisiana
Nebraska,Nebraska
Nebraska,Rhode Island
Rhode Island,Massachusetts
Maine,Pennsylvania
Maine,Maine
Kansas,Illinois
Kentucky,West Virginia
Kentucky,Missouri
Louisiana,Louisiana
Utah,Utah
Rhode Island,Connecticut
Kentucky,Kentucky
Hawaii,Hawaii
Wisconsin,Wisconsin
Utah,Utah
Maine,Pennsylvania
Wisconsin,Michigan
Kansas,Delaware
Utah,Wyoming
Wisconsin,Wisconsin
Rhode Island,Connecticut
Hawaii,Hawaii
Kentucky,Ohio
Wisconsin,Maine
Nebraska,Nebraska
Wisconsin,Maine
Maine,Connecticut
Hawaii,Hawaii
Louisiana,Louisiana
Wisconsin,Minnesota
Rhode Island,Connecticut
Kentucky,Pennsylvania
Rhode Island,Connecticut
Kentucky,Virginia
Louisiana,Louisiana
Utah,New Mexico
Nebraska,Minnesota
Wisconsin,North Dakota
Rhode Island,Pennsylvania
Kansas,Kansas
Kansas,Mississippi
Utah,New Mexico
Louisiana,Louisiana
Rhode Island,Massachusetts
Louisiana,Louisiana
Hawaii,Hawaii
Maine,Massachusetts
Louisiana,Louisiana
Utah,New Mexico
Nebraska,Texas
Wisconsin,Vermont
Hawaii,Hawaii
Maine,Pennsylvania
Wisconsin,Minnesota
Louisiana,Louisiana
Louisiana,Louisiana
Utah,California
Wisconsin,Minnesota
Wisconsin,Wisconsin
Kansas,Kansas
Wisconsin,Minnesota
Kentucky,West Virginia
Wisconsin,Iowa
Utah,Utah
Hawaii,Hawaii
Rhode Island,Pennsylvania
Louisiana,Louisiana
Kansas,Ohio
Hawaii,Hawaii
Nebraska,Kansas
Kentucky,Kentucky
Kentucky,Ohio
Kansas,South Dakota
Kentucky,Pennsylvania
Nebraska,Oklahoma
Rhode Island,Connecticut
Kentucky,West Virginia
Kentucky,Missouri
Louisiana,Louisiana
Kansas,South Dakota
Maine,Maine
Louisiana,Louisiana
Rhode Island,North Carolina
Rhode Island,Massachusetts
Hawaii,Hawaii
Kansas,Kentucky
Louisiana,Louisiana
Utah,Nevada
Utah,New Mexico
Kentucky,Kentucky
Nebraska,Illinois
Maine,Vermont
Nebraska,Oklahoma
Maine,Pennsylvania
Kansas,Ohio
Kentucky,West Virginia
Maine,Vermont
Wisconsin,North Dakota
Utah,Nevada
Louisiana,Louisiana
Rhode Island,Massachusetts
Utah,New Mexico
Maine,Vermont
Kansas,Wyoming
Utah,Utah
Hawaii,Hawaii
Maine,Connecticut
Hawaii,Hawaii
Maine,Pennsylvania
Kentucky,Connecticut
Louisiana,Louisiana
Wisconsin,Iowa
Louisiana,Louisiana
Hawaii,Hawaii
Utah,California
Nebraska,North Dakota
Maine,Vermont
Kansas,Nebraska
Wisconsin,Minnesota
Kansas,Oregon
Wisconsin,Wisconsin
Nebraska,Kansas
Kentucky,West Virginia
Rhode Island,Massachusetts
Rhode Island,Massachusetts
Maine,Maine
Kentucky,Delaware
Kentucky,Kentucky
Rhode Island,Rhode Island
Wisconsin,North Dakota
Louisiana,Louisiana
Louisiana,Louisiana
Kentucky,Kentucky
Louisiana,Louisiana
Rhode Island,Massachusetts
Kansas,Nebraska
Nebraska,Nebraska
Utah,New Mexico
Kentucky,Tennessee
Kansas,Iowa
Utah,Utah
Maine,Pennsylvania
Kentucky,Tennessee
Rhode Island,Rhode Island
Rhode Island,Ohio
Wisconsin,North Dakota
Rhode Island,Massachusetts
Utah,New Mexico
Louisiana,Louisiana
Utah,Utah
Kansas,Oklahoma
Louisiana,Louisiana
Maine,Vermont
Kansas,Ohio
Hawaii,Hawaii
Kansas,New Mexico
Louisiana,Louisiana
Utah,Colorado
Hawaii,Hawaii
Maine,Pennsylvania
Maine,Connecticut
Maine,Maine
Hawaii,Hawaii
Hawaii,Hawaii
Nebraska,Ohio
Utah,New Mexico
Rhode Island,Washington
Utah,New Mexico
Rhode Island,Massachusetts
Wisconsin,Michigan
Kansas,New Mexico
Louisiana,Louisiana
Utah,Colorado
Rhode Island,New Jersey
Wisconsin,Minnesota
Wisconsin,Minnesota
Utah,New Mexico
Nebraska,Oklahoma
Kentucky,Tennessee
Kentucky,Tennessee
Utah,Utah
Louisiana,Washington
Maine,Pennsylvania
Nebraska,North Dakota
Rhode Island,Maine
Kentucky,Alabama
Rhode Island,Massachusetts
Hawaii,Hawaii
Maine,Connecticut
Maine,Maine
Utah,New Mexico
Wisconsin,District of Columbia
Hawaii,Hawaii
Louisiana,Louisiana
Nebraska,North Dakota
Nebraska,Arkansas
Rhode Island,Connecticut
Nebraska,Iowa
Nebraska,Nebraska
Kentucky,West Virginia
Utah,Nevada
Kansas,Illinois
Nebraska,Nebraska
Hawaii,Hawaii
Rhode Island,Delaware
Nebraska,Nebraska
Kentucky,Tennessee
Wisconsin,Minnesota
Utah,New Mexico
Hawaii,Hawaii
Louisiana,Louisiana
Utah,Utah
Kansas,Kansas
Wisconsin,Ohio
Kansas,Texas
Hawaii,Hawaii
Utah,New Mexico
Maine,Maine
Louisiana,South Carolina
Wisconsin,Connecticut
Kansas,Ohio
Hawaii,Hawaii
Kansas,New Mexico
Hawaii,Hawaii
Kentucky,West Virginia
Hawaii,Hawaii
Louisiana,Louisiana
Utah,New Mexico
Maine,Vermont
Kentucky,Ohio
Maine,Pennsylvania
Kansas,Wisconsin
Kansas,New Mexico
Nebraska,Iowa
Louisiana,Louisiana
Wisconsin,Vermont
Kentucky,West Virginia
Kansas,Illinois
Hawaii,Hawaii
Maine,Maine
Louisiana,Louisiana
Utah,Utah
Nebraska,Nebraska
Rhode Island,New Jersey
Maine,Vermont
Hawaii,Hawaii
Maine,Vermont
Nebraska,Nebraska
Louisiana,Louisiana
Kentucky,Maryland
Kansas,Illinois
Hawaii,Hawaii
Rhode Island,Connecticut
Hawaii,Hawaii
Rhode Island,Connecticut
Rhode Island,Massachusetts
Kansas,Illinois
Louisiana,South Carolina
Wisconsin,Connecticut
Rhode Island,Massachusetts
Nebraska,North Dakota
Louisiana,California
Wisconsin,Iowa
Kentucky,Kentucky
Utah,Utah
Rhode Island,Connecticut
Louisiana,Louisiana
Hawaii,Hawaii
Rhode Island,Massachusetts
Hawaii,Hawaii
Louisiana,Louisiana
Louisiana,Louisiana
Rhode Island,District of Columbia
Kentucky,Tennessee
Louisiana,Louisiana
Rhode Island,Connecticut
Nebraska,Iowa
Hawaii,Delaware
Hawaii,Florida
Rhode Island,Maine
Maine,Vermont
Maine,Connecticut
Hawaii,Hawaii
Rhode Island,Massachusetts
Hawaii,Hawaii
Nebraska,Nebraska
Utah,Idaho
Hawaii,Hawaii
Rhode Island,New Jersey
Hawaii,Hawaii
Hawaii,Hawaii
Rhode Island,Massachusetts
Louisiana,Louisiana
Hawaii,Hawaii
Kansas,West Virginia
Louisiana,Louisiana
Nebraska,South Dakota
Nebraska,Texas
Wisconsin,Iowa
Louisiana,Louisiana
Nebraska,Nebraska
Kentucky,Pennsylvania
Wisconsin,Iowa
Hawaii,Hawaii
Kentucky,Maryland
Utah,Utah
Rhode Island,New Jersey
Hawaii,Hawaii
Kansas,Oregon
Kansas,Wyoming
Rhode Island,Maine
Kansas,Delaware
Kansas,Nebraska
Rhode Island,Connecticut
Maine,Vermont
Utah,Utah
Nebraska,Nebraska
Maine,Pennsylvania
Maine,Maine
Utah,Utah
Kansas,Oklahoma
Kentucky,Delaware
Louisiana,Louisiana
Kansas,Wyoming
Wisconsin,Maine
Louisiana,Louisiana
Rhode Island,Massachusetts
Kentucky,West Virginia
Utah,New Mexico
Kansas,New Mexico
Wisconsin,Minnesota
Maine,Connecticut
Maine,Vermont
Kansas,Kansas
Louisiana,Louisiana
Kansas,Iowa
Nebraska,Illinois
Kentucky,Kentucky
Rhode Island,Massachusetts
Rhode Island,Georgia
Nebraska,Nebraska
Rhode Island,Massachusetts
Maine,Wisconsin
Utah,New Mexico
Louisiana,Pennsylvania
Kentucky,Tennessee
Kentucky,West Virginia
Nebraska,Massachusetts
Utah,New Mexico
Hawaii,Hawaii
Nebraska,Illinois
Kentucky,Ohio
Maine,Vermont
Rhode Island,Maine
Utah,New Mexico
Hawaii,Hawaii
Nebraska,South Dakota
Nebraska,Nebraska
Kansas,Oklahoma
Wisconsin,Minnesota
Nebraska,North Dakota
Hawaii,Hawaii
Hawaii,Hawaii
Kentucky,Maryland
Kansas,Iowa
Louisiana,Louisiana
Hawaii,Hawaii
Utah,Utah
Hawaii,Hawaii
Maine,Connecticut
Maine,Vermont
Louisiana,Louisiana
Kansas,Iowa
Rhode Island,Pennsylvania
Wisconsin,Delaware
Utah,New Mexico
Louisiana,Louisiana
Kansas,Wyoming
Nebraska,Minnesota
Hawaii,Hawaii
Louisiana,Louisiana
Kansas,Illinois
Rhode Island,Massachusetts
Rhode Island,Massachusetts
Kentucky,Florida
Nebraska,Idaho
Maine,Pennsylvania
Wisconsin,Iowa
Louisiana,Louisiana
Hawaii,Florida
Utah,New Mexico
Wisconsin,Minnesota
Hawaii,Hawaii
Wisconsin,Wisconsin
Louisiana,Louisiana
Wisconsin,Iowa
Maine,Pennsylvania
Louisiana,Louisiana
Louisiana,Louisiana
Wisconsin,Wisconsin
Kansas,Kansas
Kansas,Missouri
Maine,Vermont
Maine,Pennsylvania
Kentucky,Pennsylvania
Louisiana,Louisiana
Louisiana,Louisiana
Kentucky,South Carolina
Wisconsin,Michigan
Wisconsin,Maine
Kentucky,Kentucky
Nebraska,Massachusetts
Louisiana,Louisiana
Hawaii,Hawaii
Kentucky,Virginia
Nebraska,Massachusetts
Louisiana,Pennsylvania
Hawaii,Hawaii
Louisiana,Louisiana
Nebraska,Nebraska
Maine,Vermont
Louisiana,Louisiana
Kansas,Oklahoma
Hawaii,Hawaii
Utah,New Mexico
Rhode Island,Massachusetts
Utah,Utah
Wisconsin,Maine
Maine,Connecticut
Wisconsin,Maine
Kansas,Oklahoma
Nebraska,New Jersey
Louisiana,Louisiana
Nebraska,South Dakota
Hawaii,Hawaii
Wisconsin,Ohio
Maine,Wisconsin
Kentucky,Kentucky
Kentucky,West Virginia
Wisconsin,Iowa
Kansas,South Dakota
Maine,Delaware
Wisconsin,Iowa
Rhode Island,Massachusetts
Utah,New Mexico
Nebraska,Kansas
Kansas,Iowa
Kentucky,Delaware
Kentucky,Tennessee
Nebraska,Nebraska
Hawaii,Hawaii
Utah,Alaska
Wisconsin,Wisconsin
Wisconsin,Minnesota
Utah,New Mexico
Kansas,Michigan
Maine,Massachusetts
Rhode Island,District of Columbia
Kentucky,Kentucky
Rhode Island,Massachusetts
Hawaii,Hawaii
Wisconsin,Vermont
Louisiana,Louisiana
Louisiana,Louisiana
Nebraska,Nebraska
Kentucky,Delaware
Kentucky,North Dakota
Rhode Island,Massachusetts
Hawaii,Hawaii
Kansas,Michigan
Wisconsin,Minnesota
Kansas,Ohio
Nebraska,Illinois
Kansas,Maryland
Hawaii,Hawaii
Utah,Utah
Utah,Utah
Rhode Island,Delaware
Kentucky,West Virginia
Nebraska,North Dakota
Louisiana,Louisiana
Louisiana,Florida
Maine,Pennsylvania
Hawaii,Hawaii
Hawaii,Hawaii
Hawaii,Hawaii
Maine,Connecticut
Rhode Island,Massachusetts
Louisiana,Louisiana
Maine,Pennsylvania
Maine,Vermont
Utah,New Mexico
Kentucky,Kentucky
Kentucky,Kentucky
Wisconsin,Illinois
Wisconsin,Minnesota
Louisiana,Louisiana
Hawaii,Hawaii
Kentucky,Tennessee
Hawaii,Hawaii
Maine,Connecticut
Rhode Island,Connecticut
Maine,Connecticut
Kansas,Kentucky
Wisconsin,Iowa
Maine,Michigan
Kentucky,Ohio
Hawaii,Hawaii
Hawaii,Hawaii
Utah,Utah
Utah,New Mexico
Utah,Utah
Utah,Utah
Rhode Island,Massachusetts
Maine,Maryland
Rhode Island,Delaware
Rhode Island,Connecticut
Maine,Maine
Kansas,Illinois
Maine,Vermont
Louisiana,South Carolina
Kansas,Kansas
Rhode Island,Pennsylvania
Utah,Utah
Louisiana,Louisiana
Kentucky,Ohio
Rhode Island,Connecticut
Louisiana,South Carolina
Rhode Island,Connecticut
Rhode Island,Connecticut
Wisconsin,Connecticut
Louisiana,Louisiana
Kansas,Oklahoma
Rhode Island,Maine
Kansas,Iowa
Kentucky,West Virginia
Maine,Massachusetts
Kansas,Missouri
Rhode Island,Connecticut
Wisconsin,Minnesota
Utah,Utah
Kansas,Iowa
Utah,Utah
Utah,Utah
Maine,Delaware
Rhode Island,Massachusetts
Rhode Island,Connecticut
Utah,New Mexico
Kansas,Iowa
Kansas,Kansas
Utah,Utah
Nebraska,Texas
Rhode Island,Massachusetts
Utah,Vermont
Kentucky,North Carolina
Rhode Island,Massachusetts
Louisiana,Louisiana
Wisconsin,South Dakota
Louisiana,Louisiana
Utah,New Mexico
Utah,Utah
Kansas,Illinois
Rhode Island,Connecticut
Hawaii,Hawaii
Wisconsin,Minnesota
Hawaii,Hawaii
Wisconsin,Wisconsin
Rhode Island,Massachusetts
Kansas,Illinois
Rhode Island,Florida
Hawaii,Hawaii
Rhode Island,New Jersey
Hawaii,Hawaii
Kentucky,Delaware
Maine,Connecticut
Rhode Island,West Virginia
Utah,Utah
Kansas,South Dakota
Maine,Vermont
Hawaii,Hawaii
Rhode Island,Massachusetts
Kansas,Kansas
Hawaii,Hawaii
Kentucky,Kentucky
Kansas,New Mexico
Maine,Maine
Maine,Vermont
Wisconsin,Wisconsin
Kansas,Kansas
Nebraska,Nebraska
Utah,New Mexico
Maine,Connecticut
Kentucky,Delaware
Maine,Connecticut
Maine,Connecticut
Utah,New Mexico
Rhode Island,Massachusetts
Hawaii,Hawaii
Kansas,Kansas
Wisconsin,Michigan
Kansas,Nebraska
Maine,Vermont
Nebraska,Oklahoma
Louisiana,Louisiana
Kentucky,West Virginia
Utah,New Mexico
Wisconsin,Wisconsin
Maine,Vermont
Hawaii,Hawaii
Nebraska,South Dakota
Maine,Vermont
Wisconsin,Wisconsin
Louisiana,Louisiana
Louisiana,Louisiana
Kansas,Illinois
Maine,Connecticut
Rhode Island,Massachusetts
Hawaii,Hawaii
Louisiana,South Carolina
Maine,Pennsylvania
Louisiana,Louisiana
Kansas,Missouri
Nebraska,Nebraska
Hawaii,Hawaii
Louisiana,Texas
Utah,New Mexico
Maine,Maine
Kentucky,West Virginia
Kansas,Nebraska
Louisiana,Louisiana
Kansas,Mississippi
Utah,New Mexico
Wisconsin,South Dakota
Kentucky,Pennsylvania
Kentucky,Kentucky
Nebraska,Oklahoma
Utah,Colorado
Utah,New Mexico
Hawaii,Hawaii
Nebraska,Massachusetts
Kentucky,Kentucky
Kansas,Michigan
Rhode Island,Michigan
Louisiana,Louisiana
Kentucky,Pennsylvania
Utah,New Mexico
Wisconsin,Iowa
Nebraska,North Dakota
Rhode Island,Connecticut
Hawaii,Hawaii
Utah,Utah
Maine,Pennsylvania
Rhode Island,Pennsylvania
Utah,Wyoming
Louisiana,Louisiana
Hawaii,Hawaii
Wisconsin,Wisconsin
Kentucky,Kentucky
Utah,New Mexico
Hawaii,Hawaii
Kentucky,Iowa
Louisiana,Louisiana
Rhode Island,Massachusetts
Maine,Maine
Kentucky,Kentucky
Hawaii,Hawaii
Kansas,Iowa
Kansas,Kansas
Hawaii,Hawaii
Maine,Connecticut
Maine,Connecticut
Kentucky,North Carolina
Hawaii,Hawaii
Kansas,Nebraska
Utah,Utah
Maine,Michigan
Wisconsin,New Jersey
Kentucky,Connecticut
Louisiana,Louisiana
Kentucky,Florida
Utah,Utah
Wisconsin,Vermont
Hawaii,Hawaii
Kentucky,Kentucky
Nebraska,Minnesota
Louisiana,South Carolina
Nebraska,Nebraska
Wisconsin,New Jersey
Rhode Island,Pennsylvania
Kentucky,Tennessee
Hawaii,Hawaii
Kentucky,Tennessee
Nebraska,Nebraska
Hawaii,Hawaii
Wisconsin,Wisconsin
Utah,New Mexico
Rhode Island,Connecticut
Utah,New Mexico
Nebraska,Iowa
Utah,New Mexico
Rhode Island,New Jersey
Utah,New Mexico
Louisiana,Louisiana
Wisconsin,Nebraska
Maine,New Jersey
Rhode Island,Connecticut
Rhode Island,Massachusetts
Kansas,South Dakota
Rhode Island,Delaware
Kansas,North Dakota
Rhode Island,Connecticut
Utah,New Mexico
Kansas,New Mexico
Louisiana,Louisiana
Kansas,Kansas
Kansas,Kansas
Wisconsin,Minnesota
Utah,Wyoming
Kansas,Iowa
Hawaii,Hawaii
Louisiana,Louisiana
Kansas,Iowa
Maine,Michigan
Utah,New Mexico
Louisiana,Louisiana
Rhode Island,Massachusetts
Wisconsin,Wisconsin
Utah,Utah
Hawaii,Hawaii
Kentucky,West Virginia
Kentucky,Maryland
Utah,New Mexico
Hawaii,Hawaii
Louisiana,Louisiana
Kentucky,Connecticut
Nebraska,Nebraska
Kentucky,Tennessee
Maine,Maine
Louisiana,Louisiana
Wisconsin,Connecticut
Hawaii,Hawaii
Kentucky,West Virginia
Rhode Island,Massachusetts
Rhode Island,Connecticut
Louisiana,Louisiana
Kentucky,Tennessee
Kentucky,West Virginia
Rhode Island,Connecticut
Kansas,Illinois
Maine,Connecticut
Kansas,Illinois
Kentucky,Delaware
Nebraska,Oklahoma
Utah,Utah
Wisconsin,Wisconsin
Maine,Vermont
Kentucky,Maryland
Kentucky,Kentucky
Utah,New Mexico
Kansas,Nebraska
Hawaii,Hawaii
Rhode Island,New Jersey
Kansas,Kansas
Kansas,South Dakota
Kansas,Nebraska
Hawaii,Hawaii
Kansas,Kansas
Nebraska,Nebraska
Kansas,Ohio
Utah,New Mexico
Utah,New Mexico
Hawaii,Hawaii
Kentucky,Ohio
Utah,Nevada
Louisiana,Louisiana
Kentucky,Ohio
Kentucky,Kentucky
Utah,Wyoming
Louisiana,Louisiana
Maine,Vermont
Rhode Island,Connecticut
Kentucky,West Virginia
Maine,Vermont
Nebraska,North Dakota
Kansas,Kentucky
Utah,New Mexico
Kansas,Illinois
Maine,Maine
Kentucky,Missouri
Kansas,South Dakota
Maine,Vermont
Louisiana,Louisiana
Louisiana,Louisiana
Maine,Vermont
Hawaii,Hawaii
Maine,Maine
Hawaii,Hawaii
Utah,Wyoming
Utah,Utah
Kentucky,Delaware
Maine,Pennsylvania
Hawaii,Hawaii
Hawaii,Hawaii
Kentucky,Kentucky
Louisiana,Louisiana
Louisiana,Louisiana
Kentucky,Kentucky
Hawaii,Hawaii
Wisconsin,North Dakota
Rhode Island,New Jersey
Maine,Delaware
Nebraska,Minnesota
Louisiana,Louisiana
